period,user,demand,stage1_ratio,stage2_ratio,stage3_ratio
k1,f1,38,0.6,0.6,1.0
k1,f2,45,0.6,0.6,1.0
k1,f3,21,0.6,0.6,0.6
k1,f4,28,0.6,0.6,0.6
k1,f5,35,0.6,0.6,1.0
k1,f6,42,0.6,0.6,1.0
k1,f7,49,0.6,0.6,1.0
k1,f8,25,0.6,0.6,0.6
k1,f9,32,0.6,0.6,1.0
k1,f10,39,0.6,0.6,1.0
k1,f11,46,0.6,0.6,1.0
k1,f12,22,0.6,0.6,0.6
k1,f13,29,0.6,0.6,0.6
k1,f14,36,0.6,0.6,1.0
k1,f15,43,0.6,0.6,1.0
k1,f16,50,0.6,0.6,1.0
k1,f17,26,0.6,0.6,0.6
k1,f18,33,0.6,0.6,1.0
k1,f19,40,0.6,0.6,1.0
k1,f20,47,0.6,0.6,1.0
k1,f21,23,0.6,0.6,0.6
k1,f22,30,0.6,0.6,1.0
k1,f23,37,0.6,0.6,1.0
k1,f24,44,0.6,0.6,1.0
k1,f25,20,0.6,0.6,0.6
k1,f26,27,0.6,0.6,0.6
k1,f27,34,0.6,0.6,1.0
k1,f28,41,0.6,0.6,1.0
k1,f29,48,0.6,0.6,1.0
k1,f30,24,0.6,0.6,0.6
k1,f31,31,0.6,0.6,1.0
k1,f32,38,0.6,0.6,1.0
k1,f33,45,0.6,0.6,1.0
k1,f34,21,0.6,0.6,0.6
k1,f35,28,0.6,0.6,0.6
k1,f36,35,0.6,0.6,1.0
k1,f37,42,0.6,0.6,1.0
k1,f38,49,0.6,0.6,1.0
k1,f39,25,0.6,0.6,0.6
k1,f40,32,0.6,0.6,1.0
k1,f41,39,0.6,0.6,1.0
k1,f42,46,0.6,0.6,1.0
k1,f43,22,0.6,0.6,0.6
k1,f44,29,0.6,0.6,0.6
k1,f45,36,0.6,0.6,1.0
k1,f46,43,0.6,0.6,1.0
k1,f47,50,0.6,0.6,1.0
k1,f48,26,0.6,0.6,0.6
k1,f49,33,0.6,0.6,1.0
k1,f50,40,0.6,0.6,1.0
k1,f51,47,0.6,0.6,1.0
k1,f52,23,0.6,0.6,0.6
k1,f53,30,0.6,0.6,0.6
k1,f54,37,0.6,0.6,1.0
k1,f55,44,0.6,0.6,1.0
k1,f56,20,0.6,0.6,0.6
k1,f57,27,0.6,0.6,0.6
k1,f58,34,0.6,0.6,1.0
k1,f59,41,0.6,0.6,1.0
k1,f60,48,0.6,0.6,1.0
k1,f61,24,0.6,0.6,0.6
k1,f62,31,0.6,0.6,1.0
k1,f63,38,0.6,0.6,1.0
k1,f64,45,0.6,0.6,1.0
k1,f65,21,0.6,0.6,0.6
k1,f66,28,0.6,0.6,0.6
k1,f67,35,0.6,0.6,1.0
k1,f68,42,0.6,0.6,1.0
k1,f69,49,0.6,0.6,1.0
k1,f70,25,0.6,0.6,0.6
k1,f71,32,0.6,0.6,1.0
k1,f72,39,0.6,0.6,1.0
k1,f73,46,0.6,0.6,1.0
k1,f74,22,0.6,0.6,0.6
k1,f75,29,0.6,0.6,0.6
k1,f76,36,0.6,0.6,1.0
k1,f77,43,0.6,0.6,1.0
k1,f78,50,0.6,0.6,1.0
k1,f79,26,0.6,0.6,0.6
k1,f80,33,0.6,0.6,1.0
k1,f81,40,0.6,0.6,1.0
k1,f82,47,0.6,0.6,1.0
k1,f83,23,0.6,0.6,0.6
k1,f84,30,0.6,0.6,0.6
k1,f85,37,0.6,0.6,1.0
k1,f86,44,0.6,0.6,1.0
k1,f87,20,0.6,0.6,0.6
k1,f88,27,0.6,0.6,0.6
k1,f89,34,0.6,0.6,1.0
k1,f90,41,0.6,0.6,1.0
k1,f91,48,0.6,0.6,1.0
k1,f92,24,0.6,0.6,0.6
k1,f93,31,0.6,0.6,1.0
k1,f94,38,0.6,0.6,1.0
k1,f95,45,0.6,0.6,1.0
k1,f96,21,0.6,0.6,0.6
k1,f97,28,0.6,0.6,0.6
k1,f98,35,0.6,0.6,1.0
k1,f99,42,0.6,0.6,1.0
k1,f100,49,0.6,0.6,1.0
k1,f101,25,0.6,0.6,0.6
k1,f102,32,0.6,0.6,1.0
k1,f103,39,0.6,0.6,1.0
k1,f104,46,0.6,0.6,1.0
k1,f105,22,0.6,0.6,0.6
k1,f106,29,0.6,0.6,0.6
k1,f107,36,0.6,0.6,1.0
k1,f108,43,0.6,0.6,1.0
k1,f109,50,0.6,0.6,1.0
k1,f110,26,0.6,0.6,0.6
k1,f111,33,0.6,0.6,1.0
k1,f112,40,0.6,0.6,1.0
k1,f113,47,0.6,0.6,1.0
k1,f114,23,0.6,0.6,0.6
k1,f115,30,0.6,0.6,0.6
k1,f116,37,0.6,0.6,1.0
k1,f117,44,0.6,0.6,1.0
k1,f118,20,0.6,0.6,0.6
k1,f119,27,0.6,0.6,0.6
k1,f120,34,0.6,0.6,1.0
k1,f121,41,0.6,0.6,1.0
k1,f122,48,0.6,0.6,1.0
k1,f123,24,0.6,0.6,0.6
k1,f124,31,0.6,0.6,1.0
k1,f125,38,0.6,0.6526315789472356,1.0
k1,f126,45,0.6,1.0,1.0
k1,f127,21,0.6,1.0,0.6
k1,f128,28,0.6,1.0,0.6
k1,f129,35,0.6,1.0,1.0
k1,f130,42,0.6,1.0,1.0
k1,f131,49,0.6,1.0,1.0
k1,f132,25,0.6,1.0,0.6
k1,f133,32,0.6,1.0,1.0
k1,f134,39,0.6,1.0,1.0
k1,f135,46,0.6,1.0,1.0
k1,f136,22,0.6,1.0,0.6
k1,f137,29,0.6,1.0,0.6
k1,f138,36,0.6,1.0,1.0
k1,f139,43,0.6,1.0,1.0
k1,f140,50,0.6,1.0,1.0
k1,f141,26,0.6,1.0,0.6
k1,f142,33,0.6,1.0,1.0
k1,f143,40,0.6,1.0,1.0
k1,f144,47,0.6,1.0,1.0
k1,f145,23,0.6,1.0,0.6
k1,f146,30,0.6,1.0,0.6
k1,f147,37,0.6,1.0,1.0
k1,f148,44,0.6,1.0,1.0
k1,f149,20,0.6,1.0,0.6
k1,f150,27,0.6,1.0,0.6
k1,f151,34,0.6,1.0,1.0
k1,f152,41,0.6,1.0,1.0
k1,f153,48,0.6,1.0,1.0
k1,f154,24,0.6,1.0,0.6
k1,f155,31,0.6,1.0,1.0
k1,f156,38,0.6,1.0,1.0
k1,f157,45,0.6,1.0,1.0
k1,f158,21,0.6,1.0,0.6
k1,f159,28,0.6,1.0,0.6
k1,f160,35,0.6,1.0,1.0
k1,f161,42,0.6,1.0,1.0
k1,f162,49,0.6,1.0,1.0
k1,f163,25,0.6,1.0,0.6
k1,f164,32,0.6,1.0,1.0
k1,f165,39,0.6,1.0,1.0
k1,f166,46,0.6,1.0,1.0
k1,f167,22,0.6,1.0,0.6
k1,f168,29,0.6,1.0,0.6
k1,f169,36,0.6,1.0,1.0
k1,f170,43,0.6,1.0,1.0
k1,f171,50,0.6,1.0,1.0
k1,f172,26,0.6,1.0,0.6
k1,f173,33,0.6,1.0,1.0
k1,f174,40,0.6,1.0,1.0
k1,f175,47,0.6,1.0,1.0
k1,f176,23,0.6,1.0,0.6
k1,f177,30,0.6,1.0,0.6
k1,f178,37,0.6,1.0,1.0
k1,f179,44,0.6,1.0,1.0
k1,f180,20,0.6,1.0,0.6
k1,f181,27,0.6,1.0,0.6
k1,f182,34,0.6,1.0,1.0
k1,f183,41,0.6,1.0,1.0
k1,f184,48,0.6,1.0,1.0
k1,f185,24,0.6,1.0,0.6
k1,f186,31,0.6,1.0,1.0
k1,f187,38,0.6,1.0,1.0
k1,f188,45,0.6,1.0,1.0
k1,f189,21,0.6,1.0,0.6
k1,f190,28,0.6,1.0,0.6
k1,f191,35,0.6,1.0,1.0
k1,f192,42,0.6,1.0,1.0
k1,f193,49,0.6,1.0,1.0
k1,f194,25,0.6,1.0,0.6
k1,f195,32,0.6,1.0,1.0
k1,f196,39,0.6,1.0,1.0
k1,f197,46,0.6,1.0,1.0
k1,f198,22,0.6,1.0,0.6
k1,f199,29,0.6,1.0,0.6
k1,f200,36,0.6,1.0,1.0
k1,f201,43,0.6,1.0,1.0
k1,f202,50,0.6,1.0,1.0
k1,f203,26,0.6,1.0,0.6
k1,f204,33,0.6,1.0,1.0
k1,f205,40,0.6,1.0,1.0
k1,f206,47,0.6,1.0,1.0
k1,f207,23,0.6,1.0,0.6
k1,f208,30,0.6,1.0,0.6
k1,f209,37,0.6,1.0,1.0
k1,f210,44,0.6,1.0,1.0
k1,f211,20,0.6,1.0,0.6
k1,f212,27,0.6,1.0,0.6
k1,f213,34,0.6,1.0,1.0
k1,f214,41,0.6,1.0,1.0
k1,f215,48,0.6,1.0,1.0
k1,f216,24,0.6,1.0,0.6
k1,f217,31,0.6,1.0,1.0
k1,f218,38,0.6,1.0,1.0
k1,f219,45,0.6,1.0,1.0
k1,f220,21,0.6,1.0,0.6
k1,f221,28,0.6,1.0,0.6
k1,f222,35,0.6,1.0,1.0
k1,f223,42,0.6,1.0,1.0
k1,f224,49,0.6,1.0,1.0
k1,f225,25,0.6,1.0,0.6
k1,f226,32,0.6,1.0,1.0
k1,f227,39,0.6,1.0,1.0
k1,f228,46,0.6,1.0,1.0
k1,f229,22,0.6,1.0,0.6
k1,f230,29,0.6,1.0,0.6
k1,f231,36,0.6,1.0,1.0
k1,f232,43,0.6,1.0,1.0
k1,f233,50,0.6,1.0,1.0
k1,f234,26,0.6,1.0,0.6
k1,f235,33,0.6,1.0,1.0
k1,f236,40,0.6,1.0,1.0
k1,f237,47,0.6,1.0,1.0
k1,f238,23,0.6,1.0,0.6
k1,f239,30,0.6,1.0,0.8133333333323289
k1,f240,37,0.6,1.0,1.0
k1,f241,44,0.6,1.0,1.0
k1,f242,20,0.6,1.0,0.6
k1,f243,27,0.6,1.0,0.6
k1,f244,34,0.6,1.0,1.0
k1,f245,41,0.6,1.0,1.0
k1,f246,48,0.6,1.0,1.0
k1,f247,24,0.6,1.0,0.6
k1,f248,31,0.6,1.0,1.0
k1,f249,38,0.6,1.0,1.0
k1,f250,45,0.6,1.0,1.0
k1,f251,21,0.6,1.0,0.6
k1,f252,28,0.6,1.0,0.6
k1,f253,35,0.6,1.0,1.0
k1,f254,42,0.6,1.0,1.0
k1,f255,49,0.6,1.0,1.0
k1,f256,25,0.6,1.0,0.6
k1,f257,32,0.6,1.0,1.0
k1,f258,39,0.6,1.0,1.0
k1,f259,46,0.6,1.0,1.0
k1,f260,22,0.6,1.0,0.6
k1,f261,29,0.6,1.0,0.6
k1,f262,36,0.6,1.0,1.0
k1,f263,43,0.6,1.0,1.0
k1,f264,50,0.6,1.0,1.0
k1,f265,26,0.6,1.0,0.6
k1,f266,33,0.6,1.0,1.0
k1,f267,40,0.6,1.0,1.0
k1,f268,47,0.6,1.0,1.0
k1,f269,23,0.6,1.0,0.6
k1,f270,30,0.6,1.0,0.6
k1,f271,37,0.6,1.0,1.0
k1,f272,44,0.6,1.0,1.0
k1,f273,20,0.6,1.0,0.6
k1,f274,27,0.6,1.0,0.6
k1,f275,34,0.6,1.0,1.0
k1,f276,41,0.6,1.0,1.0
k1,f277,48,0.6,1.0,1.0
k1,f278,24,0.6,1.0,0.6
k1,f279,31,0.6,1.0,1.0
k1,f280,38,0.6,1.0,1.0
k1,f281,45,0.6,1.0,1.0
k1,f282,21,0.6,1.0,0.6
k1,f283,28,0.6,1.0,0.6
k1,f284,35,0.6,1.0,1.0
k1,f285,42,0.6,1.0,1.0
k1,f286,49,0.6,1.0,1.0
k1,f287,25,0.6,1.0,0.6
k1,f288,32,0.6,1.0,1.0
k1,f289,39,0.6,1.0,1.0
k1,f290,46,0.6,1.0,1.0
k1,f291,22,0.6,1.0,0.6
k1,f292,29,0.6,1.0,0.6
k1,f293,36,0.6,1.0,1.0
k1,f294,43,0.6,1.0,1.0
k1,f295,50,0.6,1.0,1.0
k1,f296,26,0.6,1.0,0.6
k1,f297,33,0.6,1.0,1.0
k1,f298,40,0.6,1.0,1.0
k1,f299,47,0.6,1.0,1.0
k1,f300,23,0.6,1.0,0.6
k1,f301,30,0.6,1.0,0.6
k1,f302,37,0.6,1.0,1.0
k1,f303,44,0.6,1.0,1.0
k1,f304,20,0.6,1.0,0.6
k1,f305,27,0.6,1.0,0.6
k1,f306,34,0.6,1.0,1.0
k1,f307,41,0.6,1.0,1.0
k1,f308,48,0.6,1.0,1.0
k1,f309,24,0.6,1.0,0.6
k1,f310,31,0.6,1.0,1.0
k1,f311,38,0.6,1.0,1.0
k1,f312,45,0.6,1.0,1.0
k1,f313,21,0.6,1.0,0.6
k1,f314,28,0.6,1.0,0.6
k1,f315,35,0.6,1.0,1.0
k1,f316,42,0.6,1.0,1.0
k1,f317,49,0.6,1.0,1.0
k1,f318,25,0.6,1.0,0.6
k1,f319,32,0.6,1.0,1.0
k1,f320,39,0.6,1.0,1.0
k1,f321,46,0.6,1.0,1.0
k1,f322,22,0.6,1.0,0.6
k1,f323,29,0.6,1.0,0.6
k1,f324,36,0.6,1.0,1.0
k1,f325,43,0.6,1.0,1.0
k1,f326,50,0.6,1.0,1.0
k1,f327,26,0.6,1.0,0.6
k1,f328,33,0.6,1.0,1.0
k1,f329,40,0.6,1.0,1.0
k1,f330,47,0.6,1.0,1.0
k1,f331,23,0.6,1.0,0.6
k1,f332,30,0.6,1.0,0.6
k1,f333,37,0.6,1.0,1.0
k1,f334,44,0.6,1.0,1.0
k1,f335,20,0.6,1.0,0.6
k1,f336,27,0.6,1.0,0.6
k1,f337,34,0.6,1.0,1.0
k1,f338,41,0.6,1.0,1.0
k1,f339,48,0.6,1.0,1.0
k1,f340,24,0.6,1.0,0.6
k1,f341,31,0.6,1.0,1.0
k1,f342,38,0.6,1.0,1.0
k1,f343,45,0.6,1.0,1.0
k1,f344,21,0.6,1.0,0.6
k1,f345,28,0.6,1.0,0.6
k1,f346,35,0.6,1.0,1.0
k1,f347,42,0.6,1.0,1.0
k1,f348,49,0.6,1.0,1.0
k1,f349,25,0.6,1.0,0.6
k1,f350,32,0.6,1.0,1.0
k1,f351,39,0.6,1.0,1.0
k1,f352,46,0.6,1.0,1.0
k1,f353,22,0.6,1.0,0.6
k1,f354,29,0.6,1.0,0.6
k1,f355,36,0.6,1.0,1.0
k1,f356,43,0.6,1.0,1.0
k1,f357,50,0.6,1.0,1.0
k1,f358,26,0.6,1.0,0.6
k1,f359,33,0.6,1.0,1.0
k1,f360,40,0.6,1.0,1.0
k1,f361,47,0.6,1.0,1.0
k1,f362,23,0.6,1.0,0.6
k1,f363,30,0.6,1.0,0.6
k1,f364,37,0.6,1.0,1.0
k1,f365,44,0.6,1.0,1.0
k1,f366,20,0.6,1.0,0.6
k1,f367,27,0.6,1.0,0.6
k1,f368,34,0.6,1.0,1.0
k1,f369,41,0.6,1.0,1.0
k1,f370,48,0.6,1.0,1.0
k1,f371,24,0.6,1.0,0.6
k1,f372,31,0.6,1.0,1.0
k1,f373,38,0.6,1.0,1.0
k1,f374,45,0.6,1.0,1.0
k1,f375,21,0.6,1.0,0.6
k1,f376,28,0.6,1.0,0.6
k1,f377,35,0.6,1.0,1.0
k1,f378,42,0.6,1.0,1.0
k1,f379,49,0.6,1.0,1.0
k1,f380,25,0.6,1.0,0.6
k1,f381,32,0.6,1.0,1.0
k1,f382,39,0.6,1.0,1.0
k1,f383,46,0.6,1.0,1.0
k1,f384,22,0.6,1.0,0.6
k1,f385,29,0.6,1.0,0.6
k1,f386,36,0.6,1.0,1.0
k1,f387,43,0.6,1.0,1.0
k1,f388,50,0.6,1.0,1.0
k1,f389,26,0.6,1.0,0.6
k1,f390,33,0.6,1.0,1.0
k1,f391,40,0.6,1.0,1.0
k1,f392,47,0.6,1.0,1.0
k1,f393,23,0.6,1.0,0.6
k1,f394,30,0.6,1.0,0.6
k1,f395,37,0.6,1.0,1.0
k1,f396,44,0.6,1.0,1.0
k1,f397,20,0.6,1.0,0.6
k1,f398,27,0.6,1.0,0.6
k1,f399,34,0.6,1.0,1.0
k1,f400,41,0.6,1.0,1.0
k1,f401,48,0.6,1.0,1.0
k1,f402,24,0.6,1.0,0.6
k1,f403,31,0.6,1.0,1.0
k1,f404,38,0.6,1.0,1.0
k1,f405,45,0.6,1.0,1.0
k1,f406,21,0.6,1.0,0.6
k1,f407,28,0.6,1.0,0.6
k1,f408,35,0.6,1.0,1.0
k1,f409,42,0.6,1.0,1.0
k1,f410,49,0.6,1.0,1.0
k1,f411,25,0.6,1.0,0.6
k1,f412,32,0.6,1.0,1.0
k1,f413,39,0.6,1.0,1.0
k1,f414,46,0.6,1.0,1.0
k1,f415,22,0.6,1.0,0.6
k1,f416,29,0.6,1.0,0.6
k1,f417,36,0.6,1.0,1.0
k1,f418,43,0.6,1.0,1.0
k1,f419,50,0.6,1.0,1.0
k1,f420,26,0.6,1.0,0.6
k1,f421,33,0.6,1.0,1.0
k1,f422,40,0.6,1.0,1.0
k1,f423,47,0.6,1.0,1.0
k1,f424,23,0.6,1.0,0.6
k1,f425,30,0.6,1.0,0.6
k1,f426,37,0.6,1.0,1.0
k1,f427,44,0.6,1.0,1.0
k1,f428,20,0.6,1.0,0.6
k1,f429,27,0.6,1.0,0.6
k1,f430,34,0.6,1.0,1.0
k1,f431,41,0.6,1.0,1.0
k1,f432,48,0.6,1.0,1.0
k1,f433,24,0.6,1.0,0.6
k1,f434,31,0.6,1.0,1.0
k1,f435,38,0.6,1.0,1.0
k1,f436,45,0.6,1.0,1.0
k1,f437,21,0.6,1.0,0.6
k1,f438,28,0.6,1.0,0.6
k1,f439,35,0.6,1.0,1.0
k1,f440,42,0.6,1.0,1.0
k1,f441,49,0.6,1.0,1.0
k1,f442,25,0.6,1.0,0.6
k1,f443,32,0.6,1.0,1.0
k1,f444,39,0.6,1.0,1.0
k1,f445,46,0.6,1.0,1.0
k1,f446,22,0.6,1.0,0.6
k1,f447,29,0.6,1.0,0.6
k1,f448,36,0.6,1.0,1.0
k1,f449,43,0.6,1.0,1.0
k1,f450,50,0.6,1.0,1.0
k1,f451,26,0.6,1.0,0.6
k1,f452,33,0.6,1.0,1.0
k1,f453,40,0.6,1.0,1.0
k1,f454,47,0.6,1.0,1.0
k1,f455,23,0.6,1.0,0.6
k1,f456,30,0.6,1.0,0.6
k1,f457,37,0.6,1.0,1.0
k1,f458,44,0.6,1.0,1.0
k1,f459,20,0.6,1.0,0.6
k1,f460,27,0.6,1.0,0.6
k1,f461,34,0.6,1.0,1.0
k1,f462,41,0.6,1.0,1.0
k1,f463,48,0.6,1.0,1.0
k1,f464,24,0.6,1.0,0.6
k1,f465,31,0.6,1.0,1.0
k1,f466,38,0.6,1.0,1.0
k1,f467,45,0.6,1.0,1.0
k1,f468,21,0.6,1.0,0.6
k1,f469,28,0.6,1.0,0.6
k1,f470,35,0.6,1.0,1.0
k1,f471,42,0.6,1.0,1.0
k1,f472,49,0.6,1.0,1.0
k1,f473,25,0.6,1.0,0.6
k1,f474,32,0.6,1.0,1.0
k1,f475,39,0.6,1.0,1.0
k1,f476,46,0.6,1.0,1.0
k1,f477,22,0.6,1.0,0.6
k1,f478,29,0.6,1.0,0.6
k1,f479,36,0.6,1.0,1.0
k1,f480,43,0.6,1.0,1.0
k1,f481,50,0.6,1.0,1.0
k1,f482,26,0.6,1.0,0.6
k1,f483,33,0.6,1.0,1.0
k1,f484,40,0.6,1.0,1.0
k1,f485,47,0.6,1.0,1.0
k1,f486,23,0.6,1.0,0.6
k1,f487,30,0.6,1.0,1.0
k1,f488,37,0.6,1.0,1.0
k1,f489,44,0.6,1.0,1.0
k1,f490,20,0.6,1.0,0.6
k1,f491,27,0.6,1.0,0.6
k1,f492,34,0.6,1.0,1.0
k1,f493,41,0.6,1.0,1.0
k1,f494,48,0.6,1.0,1.0
k1,f495,24,0.6,1.0,0.6
k1,f496,31,0.6,1.0,1.0
k1,f497,38,0.6,1.0,1.0
k1,f498,45,0.6,1.0,1.0
k1,f499,21,0.6,1.0,0.6
k1,f500,28,0.6,1.0,0.6
k2,f1,49,0.6,0.6,1.0
k2,f2,25,0.6,0.6,0.6
k2,f3,32,0.6,0.6,0.6
k2,f4,39,0.6,0.6,0.6
k2,f5,46,0.6,0.6,1.0
k2,f6,22,0.6,0.6,0.6
k2,f7,29,0.6,0.6,1.0
k2,f8,36,0.6,0.6,0.6
k2,f9,43,0.6,0.6,1.0
k2,f10,50,0.6,0.6,1.0
k2,f11,26,0.6,0.6,1.0
k2,f12,33,0.6,0.6,0.6
k2,f13,40,0.6,0.6,0.6
k2,f14,47,0.6,0.6,1.0
k2,f15,23,0.6,0.6,1.0
k2,f16,30,0.6,0.6,0.6
k2,f17,37,0.6,0.6,0.6
k2,f18,44,0.6,0.6,1.0
k2,f19,20,0.6,0.6,0.6
k2,f20,27,0.6,0.6,0.6
k2,f21,34,0.6,0.6,0.6
k2,f22,41,0.6,0.6,1.0
k2,f23,48,0.6,0.6,1.0
k2,f24,24,0.6,0.6,0.6
k2,f25,31,0.6,0.6,0.6
k2,f26,38,0.6,0.6,0.6
k2,f27,45,0.6,0.6,1.0
k2,f28,21,0.6,0.6,0.6
k2,f29,28,0.6,0.6,1.0
k2,f30,35,0.6,0.6,0.6
k2,f31,42,0.6,0.6,1.0
k2,f32,49,0.6,0.6,1.0
k2,f33,25,0.6,0.6,1.0
k2,f34,32,0.6,0.6,0.6
k2,f35,39,0.6,0.6,0.6
k2,f36,46,0.6,0.6,1.0
k2,f37,22,0.6,0.6,0.6
k2,f38,29,0.6,0.6,0.6
k2,f39,36,0.6,0.6,0.6
k2,f40,43,0.6,0.6,1.0
k2,f41,50,0.6,0.6,1.0
k2,f42,26,0.6,0.6,0.6
k2,f43,33,0.6,0.6,0.6
k2,f44,40,0.6,0.6,0.6
k2,f45,47,0.6,0.6,1.0
k2,f46,23,0.6,0.6,1.0
k2,f47,30,0.6,0.6,1.0
k2,f48,37,0.6,0.6,0.6
k2,f49,44,0.6,0.6,1.0
k2,f50,20,0.6,0.6,1.0
k2,f51,27,0.6,0.6,1.0
k2,f52,34,0.6,0.6,0.6
k2,f53,41,0.6,0.6,0.6
k2,f54,48,0.6,0.6,1.0
k2,f55,24,0.6,0.6,1.0
k2,f56,31,0.6,0.6,0.6
k2,f57,38,0.6,0.6,0.6
k2,f58,45,0.6,0.6,1.0
k2,f59,21,0.6,0.6,1.0
k2,f60,28,0.6,0.6,0.6
k2,f61,35,0.6,0.6,0.6
k2,f62,42,0.6,0.6,1.0
k2,f63,49,0.6,0.6,1.0
k2,f64,25,0.6,0.6,0.6
k2,f65,32,0.6,0.6,0.6
k2,f66,39,0.6,0.6,0.6
k2,f67,46,0.6,0.6,1.0
k2,f68,22,0.6,0.6,1.0
k2,f69,29,0.6,0.6,1.0
k2,f70,36,0.6,0.6,0.6
k2,f71,43,0.6,0.6,1.0
k2,f72,50,0.6,0.6,1.0
k2,f73,26,0.6,0.6,0.6
k2,f74,33,0.6,0.6,0.6
k2,f75,40,0.6,0.6,0.6
k2,f76,47,0.6,0.6,1.0
k2,f77,23,0.6,0.6,0.6
k2,f78,30,0.6,0.6,1.0
k2,f79,37,0.6,0.6,0.6
k2,f80,44,0.6,0.6,1.0
k2,f81,20,0.6,0.6,1.0
k2,f82,27,0.6,0.6,1.0
k2,f83,34,0.6,0.6,0.6
k2,f84,41,0.6,0.6,0.6
k2,f85,48,0.6,0.6,1.0
k2,f86,24,0.6,0.6,1.0
k2,f87,31,0.6,0.6,0.6
k2,f88,38,0.6,0.6,0.6
k2,f89,45,0.6,0.6,1.0
k2,f90,21,0.6,0.6,1.0
k2,f91,28,0.6,0.6,0.6
k2,f92,35,0.6,0.6,0.6
k2,f93,42,0.6,0.6,1.0
k2,f94,49,0.6,0.6,1.0
k2,f95,25,0.6,0.6,0.6
k2,f96,32,0.6,0.6,0.6
k2,f97,39,0.6,0.6,0.6
k2,f98,46,0.6,0.6,1.0
k2,f99,22,0.6,0.6,0.6
k2,f100,29,0.6,0.6,1.0
k2,f101,36,0.6,0.6,0.6
k2,f102,43,0.6,0.6,1.0
k2,f103,50,0.6,0.6,1.0
k2,f104,26,0.6,0.6,0.6
k2,f105,33,0.6,0.6,0.6
k2,f106,40,0.6,0.6,0.6
k2,f107,47,0.6,0.6,1.0
k2,f108,23,0.6,0.6,1.0
k2,f109,30,0.6,0.6,1.0
k2,f110,37,0.6,0.6,0.6
k2,f111,44,0.6,0.6,0.6
k2,f112,20,0.6,0.6,0.6
k2,f113,27,0.6,0.6,1.0
k2,f114,34,0.6,0.6,0.6
k2,f115,41,0.6,0.6,0.6
k2,f116,48,0.6,0.6,1.0
k2,f117,24,0.6,0.6,1.0
k2,f118,31,0.6,0.6,0.6
k2,f119,38,0.6,0.6,0.6
k2,f120,45,0.6,0.6,1.0
k2,f121,21,0.6,0.6,0.6
k2,f122,28,0.6,0.6,1.0
k2,f123,35,0.6,0.6,0.6
k2,f124,42,0.6,0.6,1.0
k2,f125,49,0.6,0.6,1.0
k2,f126,25,0.6,0.6,0.6
k2,f127,32,0.6,0.6,0.6
k2,f128,39,0.6,0.6,0.6
k2,f129,46,0.6,0.6,1.0
k2,f130,22,0.6,0.6,0.7751515151533215
k2,f131,29,0.6,0.6,1.0
k2,f132,36,0.6,0.6,0.6
k2,f133,43,0.6,0.6,1.0
k2,f134,50,0.6,0.6,1.0
k2,f135,26,0.6,0.6,1.0
k2,f136,33,0.6,0.6,0.6
k2,f137,40,0.6,0.6,0.6
k2,f138,47,0.6,0.6,1.0
k2,f139,23,0.6,0.6,0.6
k2,f140,30,0.6,0.6,1.0
k2,f141,37,0.6,0.6,0.6
k2,f142,44,0.6,0.6,1.0
k2,f143,20,0.6,0.6,0.6
k2,f144,27,0.6,0.6,0.6
k2,f145,34,0.6,0.6,0.6
k2,f146,41,0.6,0.6,0.6
k2,f147,48,0.6,0.6,1.0
k2,f148,24,0.6,0.6,0.6
k2,f149,31,0.6,0.6,0.6
k2,f150,38,0.6,0.6,0.6
k2,f151,45,0.6,0.6,1.0
k2,f152,21,0.6,0.6,0.6
k2,f153,28,0.6,0.6,1.0
k2,f154,35,0.6,0.6,0.6
k2,f155,42,0.6,0.6,0.6
k2,f156,49,0.6,0.6,1.0
k2,f157,25,0.6,0.6,0.6
k2,f158,32,0.6,0.6,0.6
k2,f159,39,0.6,0.6,0.6
k2,f160,46,0.6,0.6,1.0
k2,f161,22,0.6,0.6,1.0
k2,f162,29,0.6,0.6,1.0
k2,f163,36,0.6,0.6,0.6
k2,f164,43,0.6,0.6,1.0
k2,f165,50,0.6,0.6,1.0
k2,f166,26,0.6,0.6,1.0
k2,f167,33,0.6,0.6,0.6
k2,f168,40,0.6,0.6,0.6
k2,f169,47,0.6,0.6,1.0
k2,f170,23,0.6,0.6,1.0
k2,f171,30,0.6,0.6,0.6
k2,f172,37,0.6,0.6,0.6
k2,f173,44,0.6,0.6,1.0
k2,f174,20,0.6,0.6,0.6
k2,f175,27,0.6,0.6,1.0
k2,f176,34,0.6,0.6,0.6
k2,f177,41,0.6,0.6,0.6
k2,f178,48,0.6,0.6,1.0
k2,f179,24,0.6,0.6,1.0
k2,f180,31,0.6,0.6,0.6
k2,f181,38,0.6,0.6,0.6
k2,f182,45,0.6,0.6,1.0
k2,f183,21,0.6,0.6,0.6
k2,f184,28,0.6,0.6,1.0
k2,f185,35,0.6,0.6,0.6
k2,f186,42,0.6,0.6,1.0
k2,f187,49,0.6,0.6,1.0
k2,f188,25,0.6,0.6,1.0
k2,f189,32,0.6,0.6,0.6
k2,f190,39,0.6,0.6,0.6
k2,f191,46,0.6,0.6,1.0
k2,f192,22,0.6,0.6,0.6
k2,f193,29,0.6,0.6,0.6
k2,f194,36,0.6,0.6,0.6
k2,f195,43,0.6,0.6,1.0
k2,f196,50,0.6,0.6,1.0
k2,f197,26,0.6,0.6,0.6
k2,f198,33,0.6,0.6,0.6
k2,f199,40,0.6,0.6,0.6
k2,f200,47,0.6,0.6,1.0
k2,f201,23,0.6,0.6,0.6
k2,f202,30,0.6,0.6,1.0
k2,f203,37,0.6,0.6,0.6
k2,f204,44,0.6,0.6,1.0
k2,f205,20,0.6,0.6,0.6
k2,f206,27,0.6,0.6,1.0
k2,f207,34,0.6,0.6,0.6
k2,f208,41,0.6,0.6,0.6
k2,f209,48,0.6,0.6,1.0
k2,f210,24,0.6,0.6,1.0
k2,f211,31,0.6,0.6,0.6
k2,f212,38,0.6,0.6,0.6
k2,f213,45,0.6,0.6,1.0
k2,f214,21,0.6,0.6,0.6
k2,f215,28,0.6,0.6,1.0
k2,f216,35,0.6,0.6,0.6
k2,f217,42,0.6,0.6,1.0
k2,f218,49,0.6,0.6,1.0
k2,f219,25,0.6,0.6,0.6
k2,f220,32,0.6,0.6,0.6
k2,f221,39,0.6,0.6,0.6
k2,f222,46,0.6,0.6,1.0
k2,f223,22,0.6,0.6,0.6
k2,f224,29,0.6,0.6,1.0
k2,f225,36,0.6,0.6,0.6
k2,f226,43,0.6,0.6,1.0
k2,f227,50,0.6,0.6,1.0
k2,f228,26,0.6,0.6,1.0
k2,f229,33,0.6,0.6,0.6
k2,f230,40,0.6,0.6,0.6
k2,f231,47,0.6,0.6,1.0
k2,f232,23,0.6,0.6,0.6
k2,f233,30,0.6,0.6,1.0
k2,f234,37,0.6,0.6,0.6
k2,f235,44,0.6,0.6,1.0
k2,f236,20,0.6,0.6,0.6
k2,f237,27,0.6,0.6,1.0
k2,f238,34,0.6,0.6,0.6
k2,f239,41,0.6,0.6,0.8133333333323289
k2,f240,48,0.6,0.6,1.0
k2,f241,24,0.6,0.6,1.0
k2,f242,31,0.6,0.6,0.6
k2,f243,38,0.6,0.6,0.6
k2,f244,45,0.6,0.6,1.0
k2,f245,21,0.6,0.6,1.0
k2,f246,28,0.6,0.6,0.6
k2,f247,35,0.6,0.6,0.6
k2,f248,42,0.6,0.6,1.0
k2,f249,49,0.6,0.6,1.0
k2,f250,25,0.6,0.6239999999998468,0.6
k2,f251,32,0.6,1.0,0.6
k2,f252,39,0.6,1.0,0.6
k2,f253,46,0.6,1.0,1.0
k2,f254,22,0.6,1.0,0.6
k2,f255,29,0.6,1.0,1.0
k2,f256,36,0.6,1.0,0.6
k2,f257,43,0.6,1.0,1.0
k2,f258,50,0.6,1.0,1.0
k2,f259,26,0.6,1.0,1.0
k2,f260,33,0.6,1.0,0.6
k2,f261,40,0.6,1.0,0.6
k2,f262,47,0.6,1.0,1.0
k2,f263,23,0.6,1.0,1.0
k2,f264,30,0.6,1.0,1.0
k2,f265,37,0.6,1.0,0.6
k2,f266,44,0.6,1.0,1.0
k2,f267,20,0.6,1.0,0.6
k2,f268,27,0.6,1.0,1.0
k2,f269,34,0.6,1.0,0.6
k2,f270,41,0.6,1.0,0.6
k2,f271,48,0.6,1.0,1.0
k2,f272,24,0.6,1.0,0.6
k2,f273,31,0.6,1.0,0.6
k2,f274,38,0.6,1.0,0.6
k2,f275,45,0.6,1.0,1.0
k2,f276,21,0.6,1.0,0.6
k2,f277,28,0.6,1.0,1.0
k2,f278,35,0.6,1.0,0.6
k2,f279,42,0.6,1.0,1.0
k2,f280,49,0.6,1.0,1.0
k2,f281,25,0.6,1.0,1.0
k2,f282,32,0.6,1.0,0.6
k2,f283,39,0.6,1.0,0.6
k2,f284,46,0.6,1.0,1.0
k2,f285,22,0.6,1.0,0.6
k2,f286,29,0.6,1.0,1.0
k2,f287,36,0.6,1.0,0.6
k2,f288,43,0.6,1.0,1.0
k2,f289,50,0.6,1.0,1.0
k2,f290,26,0.6,1.0,1.0
k2,f291,33,0.6,1.0,0.6
k2,f292,40,0.6,1.0,0.6
k2,f293,47,0.6,1.0,0.6
k2,f294,23,0.6,1.0,0.6
k2,f295,30,0.6,1.0,1.0
k2,f296,37,0.6,1.0,0.6
k2,f297,44,0.6,1.0,1.0
k2,f298,20,0.6,1.0,0.6
k2,f299,27,0.6,1.0,0.6
k2,f300,34,0.6,1.0,0.6
k2,f301,41,0.6,1.0,0.6
k2,f302,48,0.6,1.0,1.0
k2,f303,24,0.6,1.0,1.0
k2,f304,31,0.6,1.0,0.6
k2,f305,38,0.6,1.0,0.6
k2,f306,45,0.6,1.0,1.0
k2,f307,21,0.6,1.0,1.0
k2,f308,28,0.6,1.0,0.6
k2,f309,35,0.6,1.0,0.6
k2,f310,42,0.6,1.0,0.6
k2,f311,49,0.6,1.0,1.0
k2,f312,25,0.6,1.0,0.6
k2,f313,32,0.6,1.0,0.6
k2,f314,39,0.6,1.0,0.6
k2,f315,46,0.6,1.0,1.0
k2,f316,22,0.6,1.0,1.0
k2,f317,29,0.6,1.0,1.0
k2,f318,36,0.6,1.0,0.6
k2,f319,43,0.6,1.0,1.0
k2,f320,50,0.6,1.0,1.0
k2,f321,26,0.6,1.0,0.6
k2,f322,33,0.6,1.0,0.6
k2,f323,40,0.6,1.0,0.6
k2,f324,47,0.6,1.0,1.0
k2,f325,23,0.6,1.0,0.6
k2,f326,30,0.6,1.0,1.0
k2,f327,37,0.6,1.0,0.6
k2,f328,44,0.6,1.0,1.0
k2,f329,20,0.6,1.0,0.6
k2,f330,27,0.6,1.0,0.6
k2,f331,34,0.6,1.0,0.6
k2,f332,41,0.6,1.0,0.6
k2,f333,48,0.6,1.0,1.0
k2,f334,24,0.6,1.0,0.6
k2,f335,31,0.6,1.0,0.6
k2,f336,38,0.6,1.0,0.6
k2,f337,45,0.6,1.0,1.0
k2,f338,21,0.6,1.0,1.0
k2,f339,28,0.6,1.0,1.0
k2,f340,35,0.6,1.0,0.6
k2,f341,42,0.6,1.0,0.6
k2,f342,49,0.6,1.0,1.0
k2,f343,25,0.6,1.0,1.0
k2,f344,32,0.6,1.0,0.6
k2,f345,39,0.6,1.0,0.6
k2,f346,46,0.6,1.0,1.0
k2,f347,22,0.6,1.0,0.6
k2,f348,29,0.6,1.0,0.6
k2,f349,36,0.6,1.0,0.6
k2,f350,43,0.6,1.0,1.0
k2,f351,50,0.6,1.0,1.0
k2,f352,26,0.6,1.0,1.0
k2,f353,33,0.6,1.0,0.6
k2,f354,40,0.6,1.0,0.6
k2,f355,47,0.6,1.0,1.0
k2,f356,23,0.6,1.0,0.6
k2,f357,30,0.6,1.0,1.0
k2,f358,37,0.6,1.0,0.6
k2,f359,44,0.6,1.0,1.0
k2,f360,20,0.6,1.0,0.6
k2,f361,27,0.6,1.0,1.0
k2,f362,34,0.6,1.0,0.6
k2,f363,41,0.6,1.0,0.6
k2,f364,48,0.6,1.0,1.0
k2,f365,24,0.6,1.0,1.0
k2,f366,31,0.6,1.0,0.6
k2,f367,38,0.6,1.0,0.6
k2,f368,45,0.6,1.0,1.0
k2,f369,21,0.6,1.0,1.0
k2,f370,28,0.6,1.0,0.6
k2,f371,35,0.6,1.0,0.6
k2,f372,42,0.6,1.0,1.0
k2,f373,49,0.6,1.0,1.0
k2,f374,25,0.6,1.0,0.6
k2,f375,32,0.6,1.0,0.6
k2,f376,39,0.6,1.0,0.6
k2,f377,46,0.6,1.0,1.0
k2,f378,22,0.6,1.0,1.0
k2,f379,29,0.6,1.0,0.6
k2,f380,36,0.6,1.0,0.6
k2,f381,43,0.6,1.0,0.6
k2,f382,50,0.6,1.0,1.0
k2,f383,26,0.6,1.0,1.0
k2,f384,33,0.6,1.0,0.6
k2,f385,40,0.6,1.0,0.6
k2,f386,47,0.6,1.0,1.0
k2,f387,23,0.6,1.0,1.0
k2,f388,30,0.6,1.0,1.0
k2,f389,37,0.6,1.0,0.6
k2,f390,44,0.6,1.0,1.0
k2,f391,20,0.6,1.0,1.0
k2,f392,27,0.6,1.0,0.6
k2,f393,34,0.6,1.0,0.6
k2,f394,41,0.6,1.0,0.6
k2,f395,48,0.6,1.0,1.0
k2,f396,24,0.6,1.0,0.6
k2,f397,31,0.6,1.0,0.6
k2,f398,38,0.6,1.0,0.6
k2,f399,45,0.6,1.0,1.0
k2,f400,21,0.6,1.0,0.6
k2,f401,28,0.6,1.0,0.6
k2,f402,35,0.6,1.0,0.6
k2,f403,42,0.6,1.0,1.0
k2,f404,49,0.6,1.0,1.0
k2,f405,25,0.6,1.0,0.6
k2,f406,32,0.6,1.0,0.6
k2,f407,39,0.6,1.0,0.6
k2,f408,46,0.6,1.0,1.0
k2,f409,22,0.6,1.0,0.6
k2,f410,29,0.6,1.0,0.6
k2,f411,36,0.6,1.0,0.6
k2,f412,43,0.6,1.0,1.0
k2,f413,50,0.6,1.0,1.0
k2,f414,26,0.6,1.0,1.0
k2,f415,33,0.6,1.0,0.6
k2,f416,40,0.6,1.0,0.6
k2,f417,47,0.6,1.0,1.0
k2,f418,23,0.6,1.0,1.0
k2,f419,30,0.6,1.0,1.0
k2,f420,37,0.6,1.0,0.6
k2,f421,44,0.6,1.0,1.0
k2,f422,20,0.6,1.0,0.6
k2,f423,27,0.6,1.0,0.6
k2,f424,34,0.6,1.0,0.6
k2,f425,41,0.6,1.0,0.6
k2,f426,48,0.6,1.0,1.0
k2,f427,24,0.6,1.0,1.0
k2,f428,31,0.6,1.0,0.6
k2,f429,38,0.6,1.0,0.6
k2,f430,45,0.6,1.0,0.6
k2,f431,21,0.6,1.0,0.6
k2,f432,28,0.6,1.0,1.0
k2,f433,35,0.6,1.0,0.6
k2,f434,42,0.6,1.0,0.6
k2,f435,49,0.6,1.0,1.0
k2,f436,25,0.6,1.0,1.0
k2,f437,32,0.6,1.0,0.6
k2,f438,39,0.6,1.0,0.6
k2,f439,46,0.6,1.0,1.0
k2,f440,22,0.6,1.0,1.0
k2,f441,29,0.6,1.0,1.0
k2,f442,36,0.6,1.0,0.6
k2,f443,43,0.6,1.0,1.0
k2,f444,50,0.6,1.0,1.0
k2,f445,26,0.6,1.0,1.0
k2,f446,33,0.6,1.0,0.6
k2,f447,40,0.6,1.0,0.6
k2,f448,47,0.6,1.0,1.0
k2,f449,23,0.6,1.0,1.0
k2,f450,30,0.6,1.0,0.6
k2,f451,37,0.6,1.0,0.6
k2,f452,44,0.6,1.0,1.0
k2,f453,20,0.6,1.0,0.6
k2,f454,27,0.6,1.0,0.6
k2,f455,34,0.6,1.0,0.6
k2,f456,41,0.6,1.0,0.6
k2,f457,48,0.6,1.0,1.0
k2,f458,24,0.6,1.0,1.0
k2,f459,31,0.6,1.0,0.6
k2,f460,38,0.6,1.0,0.6
k2,f461,45,0.6,1.0,1.0
k2,f462,21,0.6,1.0,0.6
k2,f463,28,0.6,1.0,0.6
k2,f464,35,0.6,1.0,0.6
k2,f465,42,0.6,1.0,1.0
k2,f466,49,0.6,1.0,1.0
k2,f467,25,0.6,1.0,1.0
k2,f468,32,0.6,1.0,0.6
k2,f469,39,0.6,1.0,0.6
k2,f470,46,0.6,1.0,1.0
k2,f471,22,0.6,1.0,0.6
k2,f472,29,0.6,1.0,0.6
k2,f473,36,0.6,1.0,0.6
k2,f474,43,0.6,1.0,1.0
k2,f475,50,0.6,1.0,1.0
k2,f476,26,0.6,1.0,1.0
k2,f477,33,0.6,1.0,0.6
k2,f478,40,0.6,1.0,0.6
k2,f479,47,0.6,1.0,1.0
k2,f480,23,0.6,1.0,0.6
k2,f481,30,0.6,1.0,1.0
k2,f482,37,0.6,1.0,0.6
k2,f483,44,0.6,1.0,1.0
k2,f484,20,0.6,1.0,0.6
k2,f485,27,0.6,1.0,1.0
k2,f486,34,0.6,1.0,0.6
k2,f487,41,0.6,1.0,1.0
k2,f488,48,0.6,1.0,1.0
k2,f489,24,0.6,1.0,1.0
k2,f490,31,0.6,1.0,0.6
k2,f491,38,0.6,1.0,0.6
k2,f492,45,0.6,1.0,1.0
k2,f493,21,0.6,1.0,0.6
k2,f494,28,0.6,1.0,1.0
k2,f495,35,0.6,1.0,0.6
k2,f496,42,0.6,1.0,0.6
k2,f497,49,0.6,1.0,1.0
k2,f498,25,0.6,1.0,0.6
k2,f499,32,0.6,1.0,0.6
k2,f500,39,0.6,1.0,0.6
k3,f1,29,0.6,0.6,1.0
k3,f2,36,0.6,0.6,0.6
k3,f3,43,0.6,0.6,0.6
k3,f4,50,0.6,0.6,0.6
k3,f5,26,0.6,0.6,0.6
k3,f6,33,0.6,0.6,0.6
k3,f7,40,0.6,0.6,1.0
k3,f8,47,0.6,0.6,0.6
k3,f9,23,0.6,0.6,1.0
k3,f10,30,0.6,0.6,1.0
k3,f11,37,0.6,0.6,1.0
k3,f12,44,0.6,0.6,0.6
k3,f13,20,0.6,0.6,0.6
k3,f14,27,0.6,0.6,0.6
k3,f15,34,0.6,0.6,1.0
k3,f16,41,0.6,0.6,0.6
k3,f17,48,0.6,0.6,0.6
k3,f18,24,0.6,0.6,1.0
k3,f19,31,0.6,0.6,0.6
k3,f20,38,0.6,0.6,0.6
k3,f21,45,0.6,0.6,0.6
k3,f22,21,0.6,0.6,0.6
k3,f23,28,0.6,0.6,1.0
k3,f24,35,0.6,0.6,0.6
k3,f25,42,0.6,0.6,0.6
k3,f26,49,0.6,0.6,0.6
k3,f27,25,0.6,0.6,1.0
k3,f28,32,0.6,0.6,0.6
k3,f29,39,0.6,0.6,0.6
k3,f30,46,0.6,0.6,0.6
k3,f31,22,0.6,0.6,1.0
k3,f32,29,0.6,0.6,1.0
k3,f33,36,0.6,0.6,1.0
k3,f34,43,0.6,0.6,0.6
k3,f35,50,0.6,0.6,0.6
k3,f36,26,0.6,0.6,0.6
k3,f37,33,0.6,0.6,0.6
k3,f38,40,0.6,0.6,0.6
k3,f39,47,0.6,0.6,0.6
k3,f40,23,0.6,0.6,1.0
k3,f41,30,0.6,0.6,1.0
k3,f42,37,0.6,0.6,0.6
k3,f43,44,0.6,0.6,0.6
k3,f44,20,0.6,0.6,0.6
k3,f45,27,0.6,0.6,0.6
k3,f46,34,0.6,0.6,0.6
k3,f47,41,0.6,0.6,1.0
k3,f48,48,0.6,0.6,0.6
k3,f49,24,0.6,0.6,0.6
k3,f50,31,0.6,0.6,1.0
k3,f51,38,0.6,0.6,1.0
k3,f52,45,0.6,0.6,0.6
k3,f53,21,0.6,0.6,0.6
k3,f54,28,0.6,0.6,1.0
k3,f55,35,0.6,0.6,0.6
k3,f56,42,0.6,0.6,0.6
k3,f57,49,0.6,0.6,0.6
k3,f58,25,0.6,0.6,0.6
k3,f59,32,0.6,0.6,0.6
k3,f60,39,0.6,0.6,0.6
k3,f61,46,0.6,0.6,0.6
k3,f62,22,0.6,0.6,0.6
k3,f63,29,0.6,0.6,1.0
k3,f64,36,0.6,0.6,0.6
k3,f65,43,0.6,0.6,0.6
k3,f66,50,0.6,0.6,0.6
k3,f67,26,0.6,0.6,0.6
k3,f68,33,0.6,0.6,0.6
k3,f69,40,0.6,0.6,1.0
k3,f70,47,0.6,0.6,0.6
k3,f71,23,0.6,0.6,0.6
k3,f72,30,0.6,0.6,0.6
k3,f73,37,0.6,0.6,0.6
k3,f74,44,0.6,0.6,0.6
k3,f75,20,0.6,0.6,0.6
k3,f76,27,0.6,0.6,1.0
k3,f77,34,0.6,0.6,0.6
k3,f78,41,0.6,0.6,1.0
k3,f79,48,0.6,0.6,0.6
k3,f80,24,0.6,0.6,0.6
k3,f81,31,0.6,0.6,1.0
k3,f82,38,0.6,0.6,1.0
k3,f83,45,0.6,0.6,0.6
k3,f84,21,0.6,0.6,0.6
k3,f85,28,0.6,0.6,1.0
k3,f86,35,0.6,0.6,0.6
k3,f87,42,0.6,0.6,0.6
k3,f88,49,0.6,0.6,0.6
k3,f89,25,0.6,0.6,1.0
k3,f90,32,0.6,0.6,1.0
k3,f91,39,0.6,0.6,0.6
k3,f92,46,0.6,0.6,0.6
k3,f93,22,0.6,0.6,1.0
k3,f94,29,0.6,0.6,0.6
k3,f95,36,0.6,0.6,0.6
k3,f96,43,0.6,0.6,0.6
k3,f97,50,0.6,0.6,0.6
k3,f98,26,0.6,0.6,0.6
k3,f99,33,0.6,0.6,0.6
k3,f100,40,0.6,0.6,1.0
k3,f101,47,0.6,0.6,0.6
k3,f102,23,0.6,0.6,0.6
k3,f103,30,0.6,0.6,1.0
k3,f104,37,0.6,0.6,0.6
k3,f105,44,0.6,0.6,0.6
k3,f106,20,0.6,0.6,0.6
k3,f107,27,0.6,0.6,1.0
k3,f108,34,0.6,0.6,1.0
k3,f109,41,0.6,0.6,1.0
k3,f110,48,0.6,0.6,0.6
k3,f111,24,0.6,0.6,0.6
k3,f112,31,0.6,0.6,0.6
k3,f113,38,0.6,0.6,1.0
k3,f114,45,0.6,0.6,0.6
k3,f115,21,0.6,0.6,0.6
k3,f116,28,0.6,0.6,0.6
k3,f117,35,0.6,0.6,1.0
k3,f118,42,0.6,0.6,0.6
k3,f119,49,0.6,0.6,0.6
k3,f120,25,0.6,0.6,1.0
k3,f121,32,0.6,0.6,0.6
k3,f122,39,0.6,0.6,0.6
k3,f123,46,0.6,0.6,0.6
k3,f124,22,0.6,0.6,1.0
k3,f125,29,0.6,0.6,0.6
k3,f126,36,0.6,0.6,0.6
k3,f127,43,0.6,0.6,0.6
k3,f128,50,0.6,0.6,0.6
k3,f129,26,0.6,0.6,1.0
k3,f130,33,0.6,0.6,0.7751515151533215
k3,f131,40,0.6,0.6,0.6
k3,f132,47,0.6,0.6,0.6
k3,f133,23,0.6,0.6,1.0
k3,f134,30,0.6,0.6,0.6
k3,f135,37,0.6,0.6,1.0
k3,f136,44,0.6,0.6,0.6
k3,f137,20,0.6,0.6,0.6
k3,f138,27,0.6,0.6,1.0
k3,f139,34,0.6,0.6,0.6
k3,f140,41,0.6,0.6,1.0
k3,f141,48,0.6,0.6,0.6
k3,f142,24,0.6,0.6,1.0
k3,f143,31,0.6,0.6,0.6
k3,f144,38,0.6,0.6,0.6
k3,f145,45,0.6,0.6,0.6
k3,f146,21,0.6,0.6,0.6
k3,f147,28,0.6,0.6,1.0
k3,f148,35,0.6,0.6,0.6
k3,f149,42,0.6,0.6,0.6
k3,f150,49,0.6,0.6,0.6
k3,f151,25,0.6,0.6,1.0
k3,f152,32,0.6,0.6,0.6
k3,f153,39,0.6,0.6,1.0
k3,f154,46,0.6,0.6,0.6
k3,f155,22,0.6,0.6,0.6
k3,f156,29,0.6,0.6,0.6
k3,f157,36,0.6,0.6,0.6
k3,f158,43,0.6,0.6,0.6
k3,f159,50,0.6,0.6,0.6
k3,f160,26,0.6,0.6,1.0
k3,f161,33,0.6,0.6,0.6
k3,f162,40,0.6,0.6,1.0
k3,f163,47,0.6,0.6,0.6
k3,f164,23,0.6,0.6,0.6
k3,f165,30,0.6,0.6,1.0
k3,f166,37,0.6,0.6,1.0
k3,f167,44,0.6,0.6,0.6
k3,f168,20,0.6,0.6,0.6
k3,f169,27,0.6,0.6,0.6
k3,f170,34,0.6,0.6,1.0
k3,f171,41,0.6,0.6,0.6
k3,f172,48,0.6,0.6,0.6
k3,f173,24,0.6,0.6,0.6
k3,f174,31,0.6,0.6,0.6
k3,f175,38,0.6,0.6,1.0
k3,f176,45,0.6,0.6,0.6
k3,f177,21,0.6,0.6,0.6
k3,f178,28,0.6,0.6,0.6
k3,f179,35,0.6,0.6,1.0
k3,f180,42,0.6,0.6,0.6
k3,f181,49,0.6,0.6,0.6
k3,f182,25,0.6,0.6,1.0
k3,f183,32,0.6,0.6,0.6
k3,f184,39,0.6,0.6,1.0
k3,f185,46,0.6,0.6,0.6
k3,f186,22,0.6,0.6,1.0
k3,f187,29,0.6,0.6,0.6
k3,f188,36,0.6,0.6,1.0
k3,f189,43,0.6,0.6,0.6
k3,f190,50,0.6,0.6,0.6
k3,f191,26,0.6,0.6,1.0
k3,f192,33,0.6,0.6,0.6
k3,f193,40,0.6,0.6,0.6
k3,f194,47,0.6,0.6,0.6
k3,f195,23,0.6,0.6,1.0
k3,f196,30,0.6,0.6,1.0
k3,f197,37,0.6,0.6,0.6
k3,f198,44,0.6,0.6,0.6
k3,f199,20,0.6,0.6,0.6
k3,f200,27,0.6,0.6,1.0
k3,f201,34,0.6,0.6,0.6
k3,f202,41,0.6,0.6,1.0
k3,f203,48,0.6,0.6,0.6
k3,f204,24,0.6,0.6,1.0
k3,f205,31,0.6,0.6,0.6
k3,f206,38,0.6,0.6,1.0
k3,f207,45,0.6,0.6,0.6
k3,f208,21,0.6,0.6,0.6
k3,f209,28,0.6,0.6,1.0
k3,f210,35,0.6,0.6,1.0
k3,f211,42,0.6,0.6,0.6
k3,f212,49,0.6,0.6,0.6
k3,f213,25,0.6,0.6,1.0
k3,f214,32,0.6,0.6,0.6
k3,f215,39,0.6,0.6,0.6
k3,f216,46,0.6,0.6,0.6
k3,f217,22,0.6,0.6,0.6
k3,f218,29,0.6,0.6,1.0
k3,f219,36,0.6,0.6,0.6
k3,f220,43,0.6,0.6,0.6
k3,f221,50,0.6,0.6,0.6
k3,f222,26,0.6,0.6,0.6
k3,f223,33,0.6,0.6,0.6
k3,f224,40,0.6,0.6,1.0
k3,f225,47,0.6,0.6,0.6
k3,f226,23,0.6,0.6,0.6
k3,f227,30,0.6,0.6,1.0
k3,f228,37,0.6,0.6,1.0
k3,f229,44,0.6,0.6,0.6
k3,f230,20,0.6,0.6,0.6
k3,f231,27,0.6,0.6,1.0
k3,f232,34,0.6,0.6,0.6
k3,f233,41,0.6,0.6,0.6
k3,f234,48,0.6,0.6,0.6
k3,f235,24,0.6,0.6,1.0
k3,f236,31,0.6,0.6,0.6
k3,f237,38,0.6,0.6,1.0
k3,f238,45,0.6,0.6,0.6
k3,f239,21,0.6,0.6,0.6
k3,f240,28,0.6,0.6,1.0
k3,f241,35,0.6,0.6,0.6
k3,f242,42,0.6,0.6,0.6
k3,f243,49,0.6,0.6,0.6
k3,f244,25,0.6,0.6,1.0
k3,f245,32,0.6,0.6,0.6
k3,f246,39,0.6,0.6,0.6
k3,f247,46,0.6,0.6,0.6
k3,f248,22,0.6,0.6,1.0
k3,f249,29,0.6,0.6,0.6
k3,f250,36,0.6,0.6,0.6
k3,f251,43,0.6,0.6,0.6
k3,f252,50,0.6,0.6,0.6
k3,f253,26,0.6,0.6,0.6
k3,f254,33,0.6,0.6,0.6
k3,f255,40,0.6,0.6,1.0
k3,f256,47,0.6,0.6,0.6
k3,f257,23,0.6,0.6,1.0
k3,f258,30,0.6,0.6,1.0
k3,f259,37,0.6,0.6,1.0
k3,f260,44,0.6,0.6,0.6
k3,f261,20,0.6,0.6,0.6
k3,f262,27,0.6,0.6,0.6
k3,f263,34,0.6,0.6,1.0
k3,f264,41,0.6,0.6,1.0
k3,f265,48,0.6,0.6,0.6
k3,f266,24,0.6,0.6,1.0
k3,f267,31,0.6,0.6,0.6
k3,f268,38,0.6,0.6,0.6
k3,f269,45,0.6,0.6,0.6
k3,f270,21,0.6,0.6,0.6
k3,f271,28,0.6,0.6,0.6
k3,f272,35,0.6,0.6,0.6
k3,f273,42,0.6,0.6,0.6
k3,f274,49,0.6,0.6,0.6
k3,f275,25,0.6,0.6,0.6
k3,f276,32,0.6,0.6,0.6
k3,f277,39,0.6,0.6,0.6
k3,f278,46,0.6,0.6,0.6
k3,f279,22,0.6,0.6,0.9099999999974199
k3,f280,29,0.6,0.6,1.0
k3,f281,36,0.6,0.6,0.6
k3,f282,43,0.6,0.6,0.6
k3,f283,50,0.6,0.6,0.6
k3,f284,26,0.6,0.6,1.0
k3,f285,33,0.6,0.6,0.6
k3,f286,40,0.6,0.6,1.0
k3,f287,47,0.6,0.6,0.6
k3,f288,23,0.6,0.6,0.6
k3,f289,30,0.6,0.6,0.6
k3,f290,37,0.6,0.6,0.6
k3,f291,44,0.6,0.6,0.6
k3,f292,20,0.6,0.6,0.6
k3,f293,27,0.6,0.6,0.6
k3,f294,34,0.6,0.6,0.6
k3,f295,41,0.6,0.6,0.6
k3,f296,48,0.6,0.6,0.6
k3,f297,24,0.6,0.6,1.0
k3,f298,31,0.6,0.6,0.6
k3,f299,38,0.6,0.6,0.6
k3,f300,45,0.6,0.6,0.6
k3,f301,21,0.6,0.6,0.6
k3,f302,28,0.6,0.6,1.0
k3,f303,35,0.6,0.6,0.6
k3,f304,42,0.6,0.6,0.6
k3,f305,49,0.6,0.6,0.6
k3,f306,25,0.6,0.6,1.0
k3,f307,32,0.6,0.6,1.0
k3,f308,39,0.6,0.6,0.6
k3,f309,46,0.6,0.6,0.6
k3,f310,22,0.6,0.6,0.6
k3,f311,29,0.6,0.6,1.0
k3,f312,36,0.6,0.6,0.6
k3,f313,43,0.6,0.6,0.6
k3,f314,50,0.6,0.6,0.6
k3,f315,26,0.6,0.6,1.0
k3,f316,33,0.6,0.6,1.0
k3,f317,40,0.6,0.6,1.0
k3,f318,47,0.6,0.6,0.6
k3,f319,23,0.6,0.6,0.6
k3,f320,30,0.6,0.6,1.0
k3,f321,37,0.6,0.6,0.6
k3,f322,44,0.6,0.6,0.6
k3,f323,20,0.6,0.6,0.6
k3,f324,27,0.6,0.6,1.0
k3,f325,34,0.6,0.6,0.6
k3,f326,41,0.6,0.6,1.0
k3,f327,48,0.6,0.6,0.6
k3,f328,24,0.6,0.6,1.0
k3,f329,31,0.6,0.6,0.6
k3,f330,38,0.6,0.6,0.6
k3,f331,45,0.6,0.6,0.6
k3,f332,21,0.6,0.6,0.6
k3,f333,28,0.6,0.6,1.0
k3,f334,35,0.6,0.6,0.6
k3,f335,42,0.6,0.6,0.6
k3,f336,49,0.6,0.6,0.6
k3,f337,25,0.6,0.6,1.0
k3,f338,32,0.6,0.6,1.0
k3,f339,39,0.6,0.6,0.6
k3,f340,46,0.6,0.6,0.6
k3,f341,22,0.6,0.6,0.6
k3,f342,29,0.6,0.6,1.0
k3,f343,36,0.6,0.6,1.0
k3,f344,43,0.6,0.6,0.6
k3,f345,50,0.6,0.6,0.6
k3,f346,26,0.6,0.6,1.0
k3,f347,33,0.6,0.6,0.6
k3,f348,40,0.6,0.6,0.6
k3,f349,47,0.6,0.6,0.6
k3,f350,23,0.6,0.6,1.0
k3,f351,30,0.6,0.6,1.0
k3,f352,37,0.6,0.6,1.0
k3,f353,44,0.6,0.6,0.6
k3,f354,20,0.6,0.6,0.6
k3,f355,27,0.6,0.6,0.6
k3,f356,34,0.6,0.6,0.6
k3,f357,41,0.6,0.6,1.0
k3,f358,48,0.6,0.6,0.6
k3,f359,24,0.6,0.6,0.6
k3,f360,31,0.6,0.6,0.6
k3,f361,38,0.6,0.6,1.0
k3,f362,45,0.6,0.6,0.6
k3,f363,21,0.6,0.6,0.6
k3,f364,28,0.6,0.6,0.6
k3,f365,35,0.6,0.6,1.0
k3,f366,42,0.6,0.6,0.6
k3,f367,49,0.6,0.6,0.6
k3,f368,25,0.6,0.6,0.6
k3,f369,32,0.6,0.6,1.0
k3,f370,39,0.6,0.6,0.6
k3,f371,46,0.6,0.6,0.6
k3,f372,22,0.6,0.6,1.0
k3,f373,29,0.6,0.6,1.0
k3,f374,36,0.6,0.6,0.6
k3,f375,43,0.6,0.6,0.6
k3,f376,50,0.6,0.9159999999999123,0.6
k3,f377,26,0.6,1.0,1.0
k3,f378,33,0.6,1.0,0.6
k3,f379,40,0.6,1.0,0.6
k3,f380,47,0.6,1.0,0.6
k3,f381,23,0.6,1.0,0.6
k3,f382,30,0.6,1.0,1.0
k3,f383,37,0.6,1.0,1.0
k3,f384,44,0.6,1.0,0.6
k3,f385,20,0.6,1.0,0.6
k3,f386,27,0.6,1.0,0.6
k3,f387,34,0.6,1.0,1.0
k3,f388,41,0.6,1.0,1.0
k3,f389,48,0.6,1.0,0.6
k3,f390,24,0.6,1.0,0.6
k3,f391,31,0.6,1.0,0.6
k3,f392,38,0.6,1.0,0.6
k3,f393,45,0.6,1.0,0.6
k3,f394,21,0.6,1.0,0.6
k3,f395,28,0.6,1.0,0.6
k3,f396,35,0.6,1.0,0.6
k3,f397,42,0.6,1.0,0.6
k3,f398,49,0.6,1.0,0.6
k3,f399,25,0.6,1.0,1.0
k3,f400,32,0.6,1.0,0.6
k3,f401,39,0.6,1.0,0.6
k3,f402,46,0.6,1.0,0.6
k3,f403,22,0.6,1.0,1.0
k3,f404,29,0.6,1.0,1.0
k3,f405,36,0.6,1.0,0.6
k3,f406,43,0.6,1.0,0.6
k3,f407,50,0.6,1.0,0.6
k3,f408,26,0.6,1.0,0.6
k3,f409,33,0.6,1.0,0.6
k3,f410,40,0.6,1.0,0.6
k3,f411,47,0.6,1.0,0.6
k3,f412,23,0.6,1.0,1.0
k3,f413,30,0.6,1.0,1.0
k3,f414,37,0.6,1.0,0.6
k3,f415,44,0.6,1.0,0.6
k3,f416,20,0.6,1.0,0.6
k3,f417,27,0.6,1.0,0.6
k3,f418,34,0.6,1.0,1.0
k3,f419,41,0.6,1.0,0.6
k3,f420,48,0.6,1.0,0.6
k3,f421,24,0.6,1.0,0.6
k3,f422,31,0.6,1.0,0.6
k3,f423,38,0.6,1.0,0.6
k3,f424,45,0.6,1.0,0.6
k3,f425,21,0.6,1.0,0.6
k3,f426,28,0.6,1.0,0.6
k3,f427,35,0.6,1.0,0.6
k3,f428,42,0.6,1.0,0.6
k3,f429,49,0.6,1.0,0.6
k3,f430,25,0.6,1.0,0.6
k3,f431,32,0.6,1.0,0.6
k3,f432,39,0.6,1.0,0.6
k3,f433,46,0.6,1.0,0.6
k3,f434,22,0.6,1.0,0.6
k3,f435,29,0.6,1.0,1.0
k3,f436,36,0.6,1.0,1.0
k3,f437,43,0.6,1.0,0.6
k3,f438,50,0.6,1.0,0.6
k3,f439,26,0.6,1.0,0.6
k3,f440,33,0.6,1.0,1.0
k3,f441,40,0.6,1.0,0.6
k3,f442,47,0.6,1.0,0.6
k3,f443,23,0.6,1.0,0.6
k3,f444,30,0.6,1.0,0.6
k3,f445,37,0.6,1.0,1.0
k3,f446,44,0.6,1.0,0.6
k3,f447,20,0.6,1.0,0.6
k3,f448,27,0.6,1.0,0.6
k3,f449,34,0.6,1.0,1.0
k3,f450,41,0.6,1.0,0.6
k3,f451,48,0.6,1.0,0.6
k3,f452,24,0.6,1.0,0.6
k3,f453,31,0.6,1.0,0.6
k3,f454,38,0.6,1.0,0.6
k3,f455,45,0.6,1.0,0.6
k3,f456,21,0.6,1.0,0.6
k3,f457,28,0.6,1.0,1.0
k3,f458,35,0.6,1.0,1.0
k3,f459,42,0.6,1.0,0.6
k3,f460,49,0.6,1.0,0.6
k3,f461,25,0.6,1.0,0.6
k3,f462,32,0.6,1.0,0.6
k3,f463,39,0.6,1.0,0.6
k3,f464,46,0.6,1.0,0.6
k3,f465,22,0.6,1.0,0.6
k3,f466,29,0.6,1.0,0.6
k3,f467,36,0.6,1.0,0.6
k3,f468,43,0.6,1.0,0.6
k3,f469,50,0.6,1.0,0.6
k3,f470,26,0.6,1.0,1.0
k3,f471,33,0.6,1.0,0.6
k3,f472,40,0.6,1.0,0.6
k3,f473,47,0.6,1.0,0.6
k3,f474,23,0.6,1.0,1.0
k3,f475,30,0.6,1.0,1.0
k3,f476,37,0.6,1.0,1.0
k3,f477,44,0.6,1.0,0.6
k3,f478,20,0.6,1.0,0.6
k3,f479,27,0.6,1.0,0.6
k3,f480,34,0.6,1.0,0.6
k3,f481,41,0.6,1.0,0.6
k3,f482,48,0.6,1.0,0.6
k3,f483,24,0.6,1.0,1.0
k3,f484,31,0.6,1.0,0.6
k3,f485,38,0.6,1.0,0.6
k3,f486,45,0.6,1.0,0.6
k3,f487,21,0.6,1.0,0.6
k3,f488,28,0.6,1.0,1.0
k3,f489,35,0.6,1.0,1.0
k3,f490,42,0.6,1.0,0.6
k3,f491,49,0.6,1.0,0.6
k3,f492,25,0.6,1.0,1.0
k3,f493,32,0.6,1.0,0.6
k3,f494,39,0.6,1.0,0.6
k3,f495,46,0.6,1.0,0.6
k3,f496,22,0.6,1.0,0.6
k3,f497,29,0.6,1.0,1.0
k3,f498,36,0.6,1.0,0.6
k3,f499,43,0.6,1.0,0.6
k3,f500,50,0.6,1.0,0.6
k4,f1,40,0.6,0.6000000000000921,0.6
k4,f2,47,0.6,0.6,0.6
k4,f3,23,0.6,0.6,0.6
k4,f4,30,0.6,0.6,0.6
k4,f5,37,0.6,0.6,0.6
k4,f6,44,0.6,0.6,0.6
k4,f7,20,0.6,0.6,0.6000000000002497
k4,f8,27,0.6,0.6,0.6
k4,f9,34,0.6,0.6,0.6
k4,f10,41,0.6,0.6,0.6
k4,f11,48,0.6,0.6,0.6
k4,f12,24,0.6,0.6,0.6
k4,f13,31,0.6,0.6,0.6
k4,f14,38,0.6,0.6,0.6
k4,f15,45,0.6,0.6,0.6
k4,f16,21,0.6,0.6,0.6
k4,f17,28,0.6,0.6,0.6
k4,f18,35,0.6,0.6,0.6
k4,f19,42,0.6,0.6,0.6
k4,f20,49,0.6,0.6,0.6
k4,f21,25,0.6,0.6,0.6
k4,f22,32,0.6,0.6,0.6
k4,f23,39,0.6,0.6,0.6
k4,f24,46,0.6,0.6,0.6
k4,f25,22,0.6,0.6,0.6
k4,f26,29,0.6,0.6,0.6
k4,f27,36,0.6,0.6,0.6
k4,f28,43,0.6,0.6,0.6
k4,f29,50,0.6,0.6,0.6
k4,f30,26,0.6,0.6,0.6
k4,f31,33,0.6,0.6,0.6
k4,f32,40,0.6,0.6,0.6
k4,f33,47,0.6,0.6,0.6
k4,f34,23,0.6,0.6,0.6
k4,f35,30,0.6,0.6,0.6
k4,f36,37,0.6,0.6,0.6
k4,f37,44,0.6,0.6,0.6
k4,f38,20,0.6,0.6,0.6
k4,f39,27,0.6,0.6,0.6
k4,f40,34,0.6,0.6,0.6
k4,f41,41,0.6,0.6,0.6
k4,f42,48,0.6,0.6,0.6
k4,f43,24,0.6,0.6,0.6
k4,f44,31,0.6,0.6,0.6
k4,f45,38,0.6,0.6,0.6
k4,f46,45,0.6,0.6,0.6
k4,f47,21,0.6,0.6,0.6
k4,f48,28,0.6,0.6,0.6
k4,f49,35,0.6,0.6,0.6
k4,f50,42,0.6,0.6,0.6
k4,f51,49,0.6,0.6,0.6
k4,f52,25,0.6,0.6,0.6
k4,f53,32,0.6,0.6,0.6
k4,f54,39,0.6,0.6,0.6
k4,f55,46,0.6,0.6,0.6
k4,f56,22,0.6,0.6,0.6
k4,f57,29,0.6,0.6,0.6
k4,f58,36,0.6,0.6,0.6
k4,f59,43,0.6,0.6,0.6
k4,f60,50,0.6,0.6,0.6
k4,f61,26,0.6,0.6,0.6
k4,f62,33,0.6,0.6,0.6
k4,f63,40,0.6,0.6,0.6
k4,f64,47,0.6,0.6,0.6
k4,f65,23,0.6,0.6,0.6
k4,f66,30,0.6,0.6,0.6
k4,f67,37,0.6,0.6,0.6
k4,f68,44,0.6,0.6,0.6
k4,f69,20,0.6,0.6,0.6
k4,f70,27,0.6,0.6,0.6
k4,f71,34,0.6,0.6,0.6
k4,f72,41,0.6,0.6,0.6
k4,f73,48,0.6,0.6,0.6
k4,f74,24,0.6,0.6,0.6
k4,f75,31,0.6,0.6,0.6
k4,f76,38,0.6,0.6,0.6
k4,f77,45,0.6,0.6,0.6
k4,f78,21,0.6,0.6,0.6
k4,f79,28,0.6,0.6,0.6
k4,f80,35,0.6,0.6,0.6
k4,f81,42,0.6,0.6,0.6
k4,f82,49,0.6,0.6,0.6
k4,f83,25,0.6,0.6,0.6
k4,f84,32,0.6,0.6,0.6
k4,f85,39,0.6,0.6,0.6
k4,f86,46,0.6,0.6,0.6
k4,f87,22,0.6,0.6,0.6
k4,f88,29,0.6,0.6,0.6
k4,f89,36,0.6,0.6,0.6
k4,f90,43,0.6,0.6,0.6
k4,f91,50,0.6,0.6,0.6
k4,f92,26,0.6,0.6,0.6
k4,f93,33,0.6,0.6,0.6
k4,f94,40,0.6,0.6,0.6
k4,f95,47,0.6,0.6,0.6
k4,f96,23,0.6,0.6,0.6
k4,f97,30,0.6,0.6,0.6
k4,f98,37,0.6,0.6,0.6
k4,f99,44,0.6,0.6,0.6
k4,f100,20,0.6,0.6,0.6
k4,f101,27,0.6,0.6,0.6
k4,f102,34,0.6,0.6,0.6
k4,f103,41,0.6,0.6,0.6
k4,f104,48,0.6,0.6,0.6
k4,f105,24,0.6,0.6,0.6
k4,f106,31,0.6,0.6,0.6
k4,f107,38,0.6,0.6,0.6
k4,f108,45,0.6,0.6,0.6
k4,f109,21,0.6,0.6,0.6
k4,f110,28,0.6,0.6,0.6
k4,f111,35,0.6,0.6,0.6
k4,f112,42,0.6,0.6,0.6
k4,f113,49,0.6,0.6,0.6
k4,f114,25,0.6,0.6,0.6
k4,f115,32,0.6,0.6,0.6
k4,f116,39,0.6,0.6,0.6
k4,f117,46,0.6,0.6,0.6
k4,f118,22,0.6,0.6,0.6
k4,f119,29,0.6,0.6,0.6
k4,f120,36,0.6,0.6,0.6
k4,f121,43,0.6,0.6,0.6
k4,f122,50,0.6,0.6,0.6
k4,f123,26,0.6,0.6,0.6
k4,f124,33,0.6,0.6,0.6
k4,f125,40,0.6,0.6,0.6
k4,f126,47,0.6,0.6,0.6
k4,f127,23,0.6,0.6,0.6
k4,f128,30,0.6,0.6,0.6
k4,f129,37,0.6,0.6,0.6
k4,f130,44,0.6,0.6,0.6
k4,f131,20,0.6,0.6,0.6
k4,f132,27,0.6,0.6,0.6
k4,f133,34,0.6,0.6,0.6
k4,f134,41,0.6,0.6,0.6
k4,f135,48,0.6,0.6,0.6
k4,f136,24,0.6,0.6,0.6
k4,f137,31,0.6,0.6,0.6
k4,f138,38,0.6,0.6,0.6
k4,f139,45,0.6,0.6,0.6
k4,f140,21,0.6,0.6,0.6
k4,f141,28,0.6,0.6,0.6
k4,f142,35,0.6,0.6,0.6
k4,f143,42,0.6,0.6,0.6
k4,f144,49,0.6,0.6,0.6
k4,f145,25,0.6,0.6,0.6
k4,f146,32,0.6,0.6,0.6
k4,f147,39,0.6,0.6,0.6
k4,f148,46,0.6,0.6,0.6
k4,f149,22,0.6,0.6,0.6
k4,f150,29,0.6,0.6,0.6
k4,f151,36,0.6,0.6,0.6
k4,f152,43,0.6,0.6,0.6
k4,f153,50,0.6,0.6,0.6
k4,f154,26,0.6,0.6,0.6
k4,f155,33,0.6,0.6,0.6
k4,f156,40,0.6,0.6,0.6
k4,f157,47,0.6,0.6,0.6
k4,f158,23,0.6,0.6,0.6
k4,f159,30,0.6,0.6,0.6
k4,f160,37,0.6,0.6,0.6
k4,f161,44,0.6,0.6,0.6
k4,f162,20,0.6,0.6,0.6
k4,f163,27,0.6,0.6,0.6
k4,f164,34,0.6,0.6,0.6
k4,f165,41,0.6,0.6,0.6
k4,f166,48,0.6,0.6,0.6
k4,f167,24,0.6,0.6,0.6
k4,f168,31,0.6,0.6,0.6
k4,f169,38,0.6,0.6,0.6
k4,f170,45,0.6,0.6,0.6
k4,f171,21,0.6,0.6,0.6
k4,f172,28,0.6,0.6,0.6
k4,f173,35,0.6,0.6,0.6
k4,f174,42,0.6,0.6,0.6
k4,f175,49,0.6,0.6,0.6
k4,f176,25,0.6,0.6,0.6
k4,f177,32,0.6,0.6,0.6
k4,f178,39,0.6,0.6,0.6
k4,f179,46,0.6,0.6,0.6
k4,f180,22,0.6,0.6,0.6
k4,f181,29,0.6,0.6,0.6
k4,f182,36,0.6,0.6,0.6
k4,f183,43,0.6,0.6,0.6
k4,f184,50,0.6,0.6,0.6
k4,f185,26,0.6,0.6,0.6
k4,f186,33,0.6,0.6,0.6
k4,f187,40,0.6,0.6,0.6
k4,f188,47,0.6,0.6,0.6
k4,f189,23,0.6,0.6,0.6
k4,f190,30,0.6,0.6,0.6
k4,f191,37,0.6,0.6,0.6
k4,f192,44,0.6,0.6,0.6
k4,f193,20,0.6,0.6,0.6
k4,f194,27,0.6,0.6,0.6
k4,f195,34,0.6,0.6,0.6
k4,f196,41,0.6,0.6,0.6
k4,f197,48,0.6,0.6,0.6
k4,f198,24,0.6,0.6,0.6
k4,f199,31,0.6,0.6,0.6
k4,f200,38,0.6,0.6,0.6
k4,f201,45,0.6,0.6,0.6
k4,f202,21,0.6,0.6,0.6
k4,f203,28,0.6,0.6,0.6
k4,f204,35,0.6,0.6,0.6
k4,f205,42,0.6,0.6,0.6
k4,f206,49,0.6,0.6,0.6
k4,f207,25,0.6,0.6,0.6
k4,f208,32,0.6,0.6,0.6
k4,f209,39,0.6,0.6,0.6
k4,f210,46,0.6,0.6,0.6
k4,f211,22,0.6,0.6,0.6
k4,f212,29,0.6,0.6,0.6
k4,f213,36,0.6,0.6,0.6
k4,f214,43,0.6,0.6,0.6
k4,f215,50,0.6,0.6,0.6
k4,f216,26,0.6,0.6,0.6
k4,f217,33,0.6,0.6,0.6
k4,f218,40,0.6,0.6,0.6
k4,f219,47,0.6,0.6,0.6
k4,f220,23,0.6,0.6,0.6
k4,f221,30,0.6,0.6,0.6
k4,f222,37,0.6,0.6,0.6
k4,f223,44,0.6,0.6,0.6
k4,f224,20,0.6,0.6,0.6
k4,f225,27,0.6,0.6,0.6
k4,f226,34,0.6,0.6,0.6
k4,f227,41,0.6,0.6,0.6
k4,f228,48,0.6,0.6,0.6
k4,f229,24,0.6,0.6,0.6
k4,f230,31,0.6,0.6,0.6
k4,f231,38,0.6,0.6,0.6
k4,f232,45,0.6,0.6,0.6
k4,f233,21,0.6,0.6,0.6
k4,f234,28,0.6,0.6,0.6
k4,f235,35,0.6,0.6,0.6
k4,f236,42,0.6,0.6,0.6
k4,f237,49,0.6,0.6,0.6
k4,f238,25,0.6,0.6,0.6
k4,f239,32,0.6,0.6,0.6
k4,f240,39,0.6,0.6,0.6
k4,f241,46,0.6,0.6,0.6
k4,f242,22,0.6,0.6,0.6
k4,f243,29,0.6,0.6,0.6
k4,f244,36,0.6,0.6,0.6
k4,f245,43,0.6,0.6,0.6
k4,f246,50,0.6,0.6,0.6
k4,f247,26,0.6,0.6,0.6
k4,f248,33,0.6,0.6,0.6
k4,f249,40,0.6,0.6,0.6
k4,f250,47,0.6,0.6,0.6
k4,f251,23,0.6,0.6,0.6
k4,f252,30,0.6,0.6,0.6
k4,f253,37,0.6,0.6,0.6
k4,f254,44,0.6,0.6,0.6
k4,f255,20,0.6,0.6,0.6
k4,f256,27,0.6,0.6,0.6
k4,f257,34,0.6,0.6,0.6
k4,f258,41,0.6,0.6,0.6
k4,f259,48,0.6,0.6,0.6
k4,f260,24,0.6,0.6,0.6
k4,f261,31,0.6,0.6,0.6
k4,f262,38,0.6,0.6,0.6
k4,f263,45,0.6,0.6,0.6
k4,f264,21,0.6,0.6,0.6
k4,f265,28,0.6,0.6,0.6
k4,f266,35,0.6,0.6,0.6
k4,f267,42,0.6,0.6,0.6
k4,f268,49,0.6,0.6,0.6
k4,f269,25,0.6,0.6,0.6
k4,f270,32,0.6,0.6,0.6
k4,f271,39,0.6,0.6,0.6
k4,f272,46,0.6,0.6,0.6
k4,f273,22,0.6,0.6,0.6
k4,f274,29,0.6,0.6,0.6
k4,f275,36,0.6,0.6,0.6
k4,f276,43,0.6,0.6,0.6
k4,f277,50,0.6,0.6,0.6
k4,f278,26,0.6,0.6,0.6
k4,f279,33,0.6,0.6,0.6
k4,f280,40,0.6,0.6,0.6
k4,f281,47,0.6,0.6,0.6
k4,f282,23,0.6,0.6,0.6
k4,f283,30,0.6,0.6,0.6
k4,f284,37,0.6,0.6,0.6
k4,f285,44,0.6,0.6,0.6
k4,f286,20,0.6,0.6,0.6
k4,f287,27,0.6,0.6,0.6
k4,f288,34,0.6,0.6,0.6
k4,f289,41,0.6,0.6,0.6
k4,f290,48,0.6,0.6,0.6
k4,f291,24,0.6,0.6,0.6
k4,f292,31,0.6,0.6,0.6
k4,f293,38,0.6,0.6,0.6
k4,f294,45,0.6,0.6,0.6
k4,f295,21,0.6,0.6,0.6
k4,f296,28,0.6,0.6,0.6
k4,f297,35,0.6,0.6,0.6
k4,f298,42,0.6,0.6,0.6
k4,f299,49,0.6,0.6,0.6
k4,f300,25,0.6,0.6,0.6
k4,f301,32,0.6,0.6,0.6
k4,f302,39,0.6,0.6,0.6
k4,f303,46,0.6,0.6,0.6
k4,f304,22,0.6,0.6,0.6
k4,f305,29,0.6,0.6,0.6
k4,f306,36,0.6,0.6,0.6
k4,f307,43,0.6,0.6,0.6
k4,f308,50,0.6,0.6,0.6
k4,f309,26,0.6,0.6,0.6
k4,f310,33,0.6,0.6,0.6
k4,f311,40,0.6,0.6,0.6
k4,f312,47,0.6,0.6,0.6
k4,f313,23,0.6,0.6,0.6
k4,f314,30,0.6,0.6,0.6
k4,f315,37,0.6,0.6,0.6
k4,f316,44,0.6,0.6,0.6
k4,f317,20,0.6,0.6,0.6
k4,f318,27,0.6,0.6,0.6
k4,f319,34,0.6,0.6,0.6
k4,f320,41,0.6,0.6,0.6
k4,f321,48,0.6,0.6,0.6
k4,f322,24,0.6,0.6,0.6
k4,f323,31,0.6,0.6,0.6
k4,f324,38,0.6,0.6,0.6
k4,f325,45,0.6,0.6,0.6
k4,f326,21,0.6,0.6,0.6
k4,f327,28,0.6,0.6,0.6
k4,f328,35,0.6,0.6,0.6
k4,f329,42,0.6,0.6,0.6
k4,f330,49,0.6,0.6,0.6
k4,f331,25,0.6,0.6,0.6
k4,f332,32,0.6,0.6,0.6
k4,f333,39,0.6,0.6,0.6
k4,f334,46,0.6,0.6,0.6
k4,f335,22,0.6,0.6,0.6
k4,f336,29,0.6,0.6,0.6
k4,f337,36,0.6,0.6,0.6
k4,f338,43,0.6,0.6,0.6
k4,f339,50,0.6,0.6,0.6
k4,f340,26,0.6,0.6,0.6
k4,f341,33,0.6,0.6,0.6
k4,f342,40,0.6,0.6,0.6
k4,f343,47,0.6,0.6,0.6
k4,f344,23,0.6,0.6,0.6
k4,f345,30,0.6,0.6,0.6
k4,f346,37,0.6,0.6,0.6
k4,f347,44,0.6,0.6,0.6
k4,f348,20,0.6,0.6,0.6
k4,f349,27,0.6,0.6,0.6
k4,f350,34,0.6,0.6,0.6
k4,f351,41,0.6,0.6,0.6
k4,f352,48,0.6,0.6,0.6
k4,f353,24,0.6,0.6,0.6
k4,f354,31,0.6,0.6,0.6
k4,f355,38,0.6,0.6,0.6
k4,f356,45,0.6,0.6,0.6
k4,f357,21,0.6,0.6,0.6
k4,f358,28,0.6,0.6,0.6
k4,f359,35,0.6,0.6,0.6
k4,f360,42,0.6,0.6,0.6
k4,f361,49,0.6,0.6,0.6
k4,f362,25,0.6,0.6,0.6
k4,f363,32,0.6,0.6,0.6
k4,f364,39,0.6,0.6,0.6
k4,f365,46,0.6,0.6,0.6
k4,f366,22,0.6,0.6,0.6
k4,f367,29,0.6,0.6,0.6
k4,f368,36,0.6,0.6,0.6
k4,f369,43,0.6,0.6,0.6
k4,f370,50,0.6,0.6,0.6
k4,f371,26,0.6,0.6,0.6
k4,f372,33,0.6,0.6,0.6
k4,f373,40,0.6,0.6,0.6
k4,f374,47,0.6,0.6,0.6
k4,f375,23,0.6,0.6,0.6
k4,f376,30,0.6,0.6,0.6
k4,f377,37,0.6,0.6,0.6
k4,f378,44,0.6,0.6,0.6
k4,f379,20,0.6,0.6,0.6
k4,f380,27,0.6,0.6,0.6
k4,f381,34,0.6,0.6,0.6
k4,f382,41,0.6,0.6,0.6
k4,f383,48,0.6,0.6,0.6
k4,f384,24,0.6,0.6,0.6
k4,f385,31,0.6,0.6,0.6
k4,f386,38,0.6,0.6,0.6
k4,f387,45,0.6,0.6,0.6
k4,f388,21,0.6,0.6,0.6
k4,f389,28,0.6,0.6,0.6
k4,f390,35,0.6,0.6,0.6
k4,f391,42,0.6,0.6,0.6
k4,f392,49,0.6,0.6,0.6
k4,f393,25,0.6,0.6,0.6
k4,f394,32,0.6,0.6,0.6
k4,f395,39,0.6,0.6,0.6
k4,f396,46,0.6,0.6,0.6
k4,f397,22,0.6,0.6,0.6
k4,f398,29,0.6,0.6,0.6
k4,f399,36,0.6,0.6,0.6
k4,f400,43,0.6,0.6,0.6
k4,f401,50,0.6,0.6,0.6
k4,f402,26,0.6,0.6,0.6
k4,f403,33,0.6,0.6,0.6
k4,f404,40,0.6,0.6,0.6
k4,f405,47,0.6,0.6,0.6
k4,f406,23,0.6,0.6,0.6
k4,f407,30,0.6,0.6,0.6
k4,f408,37,0.6,0.6,0.6
k4,f409,44,0.6,0.6,0.6
k4,f410,20,0.6,0.6,0.6
k4,f411,27,0.6,0.6,0.6
k4,f412,34,0.6,0.6,0.6
k4,f413,41,0.6,0.6,0.6
k4,f414,48,0.6,0.6,0.6
k4,f415,24,0.6,0.6,0.6
k4,f416,31,0.6,0.6,0.6
k4,f417,38,0.6,0.6,0.6
k4,f418,45,0.6,0.6,0.6
k4,f419,21,0.6,0.6,0.6
k4,f420,28,0.6,0.6,0.6
k4,f421,35,0.6,0.6,0.6
k4,f422,42,0.6,0.6,0.6
k4,f423,49,0.6,0.6,0.6
k4,f424,25,0.6,0.6,0.6
k4,f425,32,0.6,0.6,0.6
k4,f426,39,0.6,0.6,0.6
k4,f427,46,0.6,0.6,0.6
k4,f428,22,0.6,0.6,0.6
k4,f429,29,0.6,0.6,0.6
k4,f430,36,0.6,0.6,0.6
k4,f431,43,0.6,0.6,0.6
k4,f432,50,0.6,0.6,0.6
k4,f433,26,0.6,0.6,0.6
k4,f434,33,0.6,0.6,0.6
k4,f435,40,0.6,0.6,0.6
k4,f436,47,0.6,0.6,0.6
k4,f437,23,0.6,0.6,0.6
k4,f438,30,0.6,0.6,0.6
k4,f439,37,0.6,0.6,0.6
k4,f440,44,0.6,0.6,0.6
k4,f441,20,0.6,0.6,0.6
k4,f442,27,0.6,0.6,0.6
k4,f443,34,0.6,0.6,0.6
k4,f444,41,0.6,0.6,0.6
k4,f445,48,0.6,0.6,0.6
k4,f446,24,0.6,0.6,0.6
k4,f447,31,0.6,0.6,0.6
k4,f448,38,0.6,0.6,0.6
k4,f449,45,0.6,0.6,0.6
k4,f450,21,0.6,0.6,0.6
k4,f451,28,0.6,0.6,0.6
k4,f452,35,0.6,0.6,0.6
k4,f453,42,0.6,0.6,0.6
k4,f454,49,0.6,0.6,0.6
k4,f455,25,0.6,0.6,0.6
k4,f456,32,0.6,0.6,0.6
k4,f457,39,0.6,0.6,0.6
k4,f458,46,0.6,0.6,0.6
k4,f459,22,0.6,0.6,0.6
k4,f460,29,0.6,0.6,0.6
k4,f461,36,0.6,0.6,0.6
k4,f462,43,0.6,0.6,0.6
k4,f463,50,0.6,0.6,0.6
k4,f464,26,0.6,0.6,0.6
k4,f465,33,0.6,0.6,0.6
k4,f466,40,0.6,0.6,0.6
k4,f467,47,0.6,0.6,0.6
k4,f468,23,0.6,0.6,0.6
k4,f469,30,0.6,0.6,0.6
k4,f470,37,0.6,0.6,0.6
k4,f471,44,0.6,0.6,0.6
k4,f472,20,0.6,0.6,0.6
k4,f473,27,0.6,0.6,0.6
k4,f474,34,0.6,0.6,0.6
k4,f475,41,0.6,0.6,0.6
k4,f476,48,0.6,0.6,0.6
k4,f477,24,0.6,0.6,0.6
k4,f478,31,0.6,0.6,0.6
k4,f479,38,0.6,0.6,0.6
k4,f480,45,0.6,0.6,0.6
k4,f481,21,0.6,0.6,0.6
k4,f482,28,0.6,0.6,0.6
k4,f483,35,0.6,0.6,0.6
k4,f484,42,0.6,0.6,0.6
k4,f485,49,0.6,0.6,0.6
k4,f486,25,0.6,0.6,0.6
k4,f487,32,0.6,0.6,0.6
k4,f488,39,0.6,0.6,0.6
k4,f489,46,0.6,0.6,0.6
k4,f490,22,0.6,0.6,0.6
k4,f491,29,0.6,0.6,0.6
k4,f492,36,0.6,0.6,0.6
k4,f493,43,0.6,0.6,0.6
k4,f494,50,0.6,0.6,0.6
k4,f495,26,0.6,0.6,0.6
k4,f496,33,0.6,0.6,0.6
k4,f497,40,0.6,0.6,0.6
k4,f498,47,0.6,0.6,0.6
k4,f499,23,0.6,0.6,0.6
k4,f500,30,0.6,0.6,0.6
