node,x,y,topological_level,is_source
s,0.5,-0.0,0,True
n1,0.3333333333333333,-1.0,1,False
n2,0.6666666666666666,-1.0,1,False
n3,0.2,-2.0,2,False
n4,0.4,-2.0,2,False
n5,0.6,-2.0,2,False
n6,0.8,-2.0,2,False
n7,0.6666666666666666,-3.0,3,False
n8,0.7777777777777778,-3.0,3,False
n9,0.8888888888888888,-3.0,3,False
n10,0.1111111111111111,-3.0,3,False
n11,0.2222222222222222,-3.0,3,False
n12,0.3333333333333333,-3.0,3,False
n13,0.4444444444444444,-3.0,3,False
n14,0.5555555555555556,-3.0,3,False
n15,0.058823529411764705,-4.0,4,False
n16,0.11764705882352941,-4.0,4,False
n17,0.17647058823529413,-4.0,4,False
n18,0.23529411764705882,-4.0,4,False
n19,0.29411764705882354,-4.0,4,False
n20,0.35294117647058826,-4.0,4,False
n21,0.4117647058823529,-4.0,4,False
n22,0.47058823529411764,-4.0,4,False
n23,0.5294117647058824,-4.0,4,False
n24,0.5882352941176471,-4.0,4,False
n25,0.6470588235294118,-4.0,4,False
n26,0.7058823529411765,-4.0,4,False
n27,0.7647058823529411,-4.0,4,False
n28,0.8235294117647058,-4.0,4,False
n29,0.8823529411764706,-4.0,4,False
n30,0.9411764705882353,-4.0,4,False
n31,0.030303030303030304,-5.0,5,False
n32,0.06060606060606061,-5.0,5,False
n33,0.09090909090909091,-5.0,5,False
n34,0.12121212121212122,-5.0,5,False
n35,0.15151515151515152,-5.0,5,False
n36,0.18181818181818182,-5.0,5,False
n37,0.21212121212121213,-5.0,5,False
n38,0.24242424242424243,-5.0,5,False
n39,0.2727272727272727,-5.0,5,False
n40,0.30303030303030304,-5.0,5,False
n41,0.3333333333333333,-5.0,5,False
n42,0.36363636363636365,-5.0,5,False
n43,0.3939393939393939,-5.0,5,False
n44,0.42424242424242425,-5.0,5,False
n45,0.45454545454545453,-5.0,5,False
n46,0.48484848484848486,-5.0,5,False
n47,0.5151515151515151,-5.0,5,False
n48,0.5454545454545454,-5.0,5,False
n49,0.5757575757575758,-5.0,5,False
n50,0.6060606060606061,-5.0,5,False
n51,0.6363636363636364,-5.0,5,False
n52,0.6666666666666666,-5.0,5,False
n53,0.696969696969697,-5.0,5,False
n54,0.7272727272727273,-5.0,5,False
n55,0.7575757575757576,-5.0,5,False
n56,0.7878787878787878,-5.0,5,False
n57,0.8181818181818182,-5.0,5,False
n58,0.8484848484848485,-5.0,5,False
n59,0.8787878787878788,-5.0,5,False
n60,0.9090909090909091,-5.0,5,False
n61,0.9393939393939394,-5.0,5,False
n62,0.9696969696969697,-5.0,5,False
n63,0.4307692307692308,-6.0,6,False
n64,0.4461538461538462,-6.0,6,False
n65,0.46153846153846156,-6.0,6,False
n66,0.47692307692307695,-6.0,6,False
n67,0.49230769230769234,-6.0,6,False
n68,0.5076923076923077,-6.0,6,False
n69,0.5230769230769231,-6.0,6,False
n70,0.5384615384615384,-6.0,6,False
n71,0.5538461538461539,-6.0,6,False
n72,0.5692307692307692,-6.0,6,False
n73,0.5846153846153846,-6.0,6,False
n74,0.6,-6.0,6,False
n75,0.6153846153846154,-6.0,6,False
n76,0.6307692307692307,-6.0,6,False
n77,0.6461538461538462,-6.0,6,False
n78,0.6615384615384615,-6.0,6,False
n79,0.676923076923077,-6.0,6,False
n80,0.6923076923076923,-6.0,6,False
n81,0.7076923076923077,-6.0,6,False
n82,0.7230769230769231,-6.0,6,False
n83,0.7384615384615385,-6.0,6,False
n84,0.7538461538461538,-6.0,6,False
n85,0.7692307692307693,-6.0,6,False
n86,0.7846153846153846,-6.0,6,False
n87,0.8,-6.0,6,False
n88,0.8153846153846154,-6.0,6,False
n89,0.8307692307692308,-6.0,6,False
n90,0.8461538461538461,-6.0,6,False
n91,0.8615384615384616,-6.0,6,False
n92,0.8769230769230769,-6.0,6,False
n93,0.8923076923076924,-6.0,6,False
n94,0.9076923076923077,-6.0,6,False
n95,0.9230769230769231,-6.0,6,False
n96,0.9384615384615385,-6.0,6,False
n97,0.9538461538461539,-6.0,6,False
n98,0.9692307692307692,-6.0,6,False
n99,0.9846153846153847,-6.0,6,False
n100,0.015384615384615385,-6.0,6,False
n101,0.03076923076923077,-6.0,6,False
n102,0.046153846153846156,-6.0,6,False
n103,0.06153846153846154,-6.0,6,False
n104,0.07692307692307693,-6.0,6,False
n105,0.09230769230769231,-6.0,6,False
n106,0.1076923076923077,-6.0,6,False
n107,0.12307692307692308,-6.0,6,False
n108,0.13846153846153847,-6.0,6,False
n109,0.15384615384615385,-6.0,6,False
n110,0.16923076923076924,-6.0,6,False
n111,0.18461538461538463,-6.0,6,False
n112,0.2,-6.0,6,False
n113,0.2153846153846154,-6.0,6,False
n114,0.23076923076923078,-6.0,6,False
n115,0.24615384615384617,-6.0,6,False
n116,0.26153846153846155,-6.0,6,False
n117,0.27692307692307694,-6.0,6,False
n118,0.2923076923076923,-6.0,6,False
n119,0.3076923076923077,-6.0,6,False
n120,0.3230769230769231,-6.0,6,False
n121,0.3384615384615385,-6.0,6,False
n122,0.35384615384615387,-6.0,6,False
n123,0.36923076923076925,-6.0,6,False
n124,0.38461538461538464,-6.0,6,False
n125,0.4,-6.0,6,False
n126,0.4153846153846154,-6.0,6,False
n127,0.007751937984496124,-7.0,7,False
n128,0.015503875968992248,-7.0,7,False
n129,0.023255813953488372,-7.0,7,False
n130,0.031007751937984496,-7.0,7,False
n131,0.03875968992248062,-7.0,7,False
n132,0.046511627906976744,-7.0,7,False
n133,0.05426356589147287,-7.0,7,False
n134,0.06201550387596899,-7.0,7,False
n135,0.06976744186046512,-7.0,7,False
n136,0.07751937984496124,-7.0,7,False
n137,0.08527131782945736,-7.0,7,False
n138,0.09302325581395349,-7.0,7,False
n139,0.10077519379844961,-7.0,7,False
n140,0.10852713178294573,-7.0,7,False
n141,0.11627906976744186,-7.0,7,False
n142,0.12403100775193798,-7.0,7,False
n143,0.13178294573643412,-7.0,7,False
n144,0.13953488372093023,-7.0,7,False
n145,0.14728682170542637,-7.0,7,False
n146,0.15503875968992248,-7.0,7,False
n147,0.16279069767441862,-7.0,7,False
n148,0.17054263565891473,-7.0,7,False
n149,0.17829457364341086,-7.0,7,False
n150,0.18604651162790697,-7.0,7,False
n151,0.1937984496124031,-7.0,7,False
n152,0.20155038759689922,-7.0,7,False
n153,0.20930232558139536,-7.0,7,False
n154,0.21705426356589147,-7.0,7,False
n155,0.2248062015503876,-7.0,7,False
n156,0.23255813953488372,-7.0,7,False
n157,0.24031007751937986,-7.0,7,False
n158,0.24806201550387597,-7.0,7,False
n159,0.2558139534883721,-7.0,7,False
n160,0.26356589147286824,-7.0,7,False
n161,0.2713178294573643,-7.0,7,False
n162,0.27906976744186046,-7.0,7,False
n163,0.2868217054263566,-7.0,7,False
n164,0.29457364341085274,-7.0,7,False
n165,0.3023255813953488,-7.0,7,False
n166,0.31007751937984496,-7.0,7,False
n167,0.3178294573643411,-7.0,7,False
n168,0.32558139534883723,-7.0,7,False
n169,0.3333333333333333,-7.0,7,False
n170,0.34108527131782945,-7.0,7,False
n171,0.3488372093023256,-7.0,7,False
n172,0.35658914728682173,-7.0,7,False
n173,0.3643410852713178,-7.0,7,False
n174,0.37209302325581395,-7.0,7,False
n175,0.3798449612403101,-7.0,7,False
n176,0.3875968992248062,-7.0,7,False
n177,0.3953488372093023,-7.0,7,False
n178,0.40310077519379844,-7.0,7,False
n179,0.4108527131782946,-7.0,7,False
n180,0.4186046511627907,-7.0,7,False
n181,0.4263565891472868,-7.0,7,False
n182,0.43410852713178294,-7.0,7,False
n183,0.4418604651162791,-7.0,7,False
n184,0.4496124031007752,-7.0,7,False
n185,0.4573643410852713,-7.0,7,False
n186,0.46511627906976744,-7.0,7,False
n187,0.4728682170542636,-7.0,7,False
n188,0.4806201550387597,-7.0,7,False
n189,0.4883720930232558,-7.0,7,False
n190,0.49612403100775193,-7.0,7,False
n191,0.5038759689922481,-7.0,7,False
n192,0.5116279069767442,-7.0,7,False
n193,0.5193798449612403,-7.0,7,False
n194,0.5271317829457365,-7.0,7,False
n195,0.5348837209302325,-7.0,7,False
n196,0.5426356589147286,-7.0,7,False
n197,0.5503875968992248,-7.0,7,False
n198,0.5581395348837209,-7.0,7,False
n199,0.5658914728682171,-7.0,7,False
n200,0.5736434108527132,-7.0,7,False
n201,0.5813953488372093,-7.0,7,False
n202,0.5891472868217055,-7.0,7,False
n203,0.5968992248062015,-7.0,7,False
n204,0.6046511627906976,-7.0,7,False
n205,0.6124031007751938,-7.0,7,False
n206,0.6201550387596899,-7.0,7,False
n207,0.627906976744186,-7.0,7,False
n208,0.6356589147286822,-7.0,7,False
n209,0.6434108527131783,-7.0,7,False
n210,0.6511627906976745,-7.0,7,False
n211,0.6589147286821705,-7.0,7,False
n212,0.6666666666666666,-7.0,7,False
n213,0.6744186046511628,-7.0,7,False
n214,0.6821705426356589,-7.0,7,False
n215,0.689922480620155,-7.0,7,False
n216,0.6976744186046512,-7.0,7,False
n217,0.7054263565891473,-7.0,7,False
n218,0.7131782945736435,-7.0,7,False
n219,0.7209302325581395,-7.0,7,False
n220,0.7286821705426356,-7.0,7,False
n221,0.7364341085271318,-7.0,7,False
n222,0.7441860465116279,-7.0,7,False
n223,0.751937984496124,-7.0,7,False
n224,0.7596899224806202,-7.0,7,False
n225,0.7674418604651163,-7.0,7,False
n226,0.7751937984496124,-7.0,7,False
n227,0.7829457364341085,-7.0,7,False
n228,0.7906976744186046,-7.0,7,False
n229,0.7984496124031008,-7.0,7,False
n230,0.8062015503875969,-7.0,7,False
n231,0.813953488372093,-7.0,7,False
n232,0.8217054263565892,-7.0,7,False
n233,0.8294573643410853,-7.0,7,False
n234,0.8372093023255814,-7.0,7,False
n235,0.8449612403100775,-7.0,7,False
n236,0.8527131782945736,-7.0,7,False
n237,0.8604651162790697,-7.0,7,False
n238,0.8682170542635659,-7.0,7,False
n239,0.875968992248062,-7.0,7,False
n240,0.8837209302325582,-7.0,7,False
n241,0.8914728682170543,-7.0,7,False
n242,0.8992248062015504,-7.0,7,False
n243,0.9069767441860465,-7.0,7,False
n244,0.9147286821705426,-7.0,7,False
n245,0.9224806201550387,-7.0,7,False
n246,0.9302325581395349,-7.0,7,False
n247,0.937984496124031,-7.0,7,False
n248,0.9457364341085271,-7.0,7,False
n249,0.9534883720930233,-7.0,7,False
n250,0.9612403100775194,-7.0,7,False
n251,0.9689922480620154,-7.0,7,False
n252,0.9767441860465116,-7.0,7,False
n253,0.9844961240310077,-7.0,7,False
n254,0.9922480620155039,-7.0,7,False
n255,0.0038910505836575876,-8.0,8,False
n256,0.007782101167315175,-8.0,8,False
n257,0.011673151750972763,-8.0,8,False
n258,0.01556420233463035,-8.0,8,False
n259,0.019455252918287938,-8.0,8,False
n260,0.023346303501945526,-8.0,8,False
n261,0.027237354085603113,-8.0,8,False
n262,0.0311284046692607,-8.0,8,False
n263,0.03501945525291829,-8.0,8,False
n264,0.038910505836575876,-8.0,8,False
n265,0.042801556420233464,-8.0,8,False
n266,0.04669260700389105,-8.0,8,False
n267,0.05058365758754864,-8.0,8,False
n268,0.054474708171206226,-8.0,8,False
n269,0.058365758754863814,-8.0,8,False
n270,0.0622568093385214,-8.0,8,False
n271,0.06614785992217899,-8.0,8,False
n272,0.07003891050583658,-8.0,8,False
n273,0.07392996108949416,-8.0,8,False
n274,0.07782101167315175,-8.0,8,False
n275,0.08171206225680934,-8.0,8,False
n276,0.08560311284046693,-8.0,8,False
n277,0.08949416342412451,-8.0,8,False
n278,0.0933852140077821,-8.0,8,False
n279,0.09727626459143969,-8.0,8,False
n280,0.10116731517509728,-8.0,8,False
n281,0.10505836575875487,-8.0,8,False
n282,0.10894941634241245,-8.0,8,False
n283,0.11284046692607004,-8.0,8,False
n284,0.11673151750972763,-8.0,8,False
n285,0.12062256809338522,-8.0,8,False
n286,0.1245136186770428,-8.0,8,False
n287,0.12840466926070038,-8.0,8,False
n288,0.13229571984435798,-8.0,8,False
n289,0.13618677042801555,-8.0,8,False
n290,0.14007782101167315,-8.0,8,False
n291,0.14396887159533073,-8.0,8,False
n292,0.14785992217898833,-8.0,8,False
n293,0.1517509727626459,-8.0,8,False
n294,0.1556420233463035,-8.0,8,False
n295,0.15953307392996108,-8.0,8,False
n296,0.16342412451361868,-8.0,8,False
n297,0.16731517509727625,-8.0,8,False
n298,0.17120622568093385,-8.0,8,False
n299,0.17509727626459143,-8.0,8,False
n300,0.17898832684824903,-8.0,8,False
n301,0.1828793774319066,-8.0,8,False
n302,0.1867704280155642,-8.0,8,False
n303,0.19066147859922178,-8.0,8,False
n304,0.19455252918287938,-8.0,8,False
n305,0.19844357976653695,-8.0,8,False
n306,0.20233463035019456,-8.0,8,False
n307,0.20622568093385213,-8.0,8,False
n308,0.21011673151750973,-8.0,8,False
n309,0.2140077821011673,-8.0,8,False
n310,0.2178988326848249,-8.0,8,False
n311,0.22178988326848248,-8.0,8,False
n312,0.22568093385214008,-8.0,8,False
n313,0.22957198443579765,-8.0,8,False
n314,0.23346303501945526,-8.0,8,False
n315,0.23735408560311283,-8.0,8,False
n316,0.24124513618677043,-8.0,8,False
n317,0.245136186770428,-8.0,8,False
n318,0.2490272373540856,-8.0,8,False
n319,0.2529182879377432,-8.0,8,False
n320,0.25680933852140075,-8.0,8,False
n321,0.2607003891050584,-8.0,8,False
n322,0.26459143968871596,-8.0,8,False
n323,0.26848249027237353,-8.0,8,False
n324,0.2723735408560311,-8.0,8,False
n325,0.27626459143968873,-8.0,8,False
n326,0.2801556420233463,-8.0,8,False
n327,0.2840466926070039,-8.0,8,False
n328,0.28793774319066145,-8.0,8,False
n329,0.2918287937743191,-8.0,8,False
n330,0.29571984435797666,-8.0,8,False
n331,0.29961089494163423,-8.0,8,False
n332,0.3035019455252918,-8.0,8,False
n333,0.30739299610894943,-8.0,8,False
n334,0.311284046692607,-8.0,8,False
n335,0.3151750972762646,-8.0,8,False
n336,0.31906614785992216,-8.0,8,False
n337,0.3229571984435798,-8.0,8,False
n338,0.32684824902723736,-8.0,8,False
n339,0.33073929961089493,-8.0,8,False
n340,0.3346303501945525,-8.0,8,False
n341,0.33852140077821014,-8.0,8,False
n342,0.3424124513618677,-8.0,8,False
n343,0.3463035019455253,-8.0,8,False
n344,0.35019455252918286,-8.0,8,False
n345,0.3540856031128405,-8.0,8,False
n346,0.35797665369649806,-8.0,8,False
n347,0.36186770428015563,-8.0,8,False
n348,0.3657587548638132,-8.0,8,False
n349,0.36964980544747084,-8.0,8,False
n350,0.3735408560311284,-8.0,8,False
n351,0.377431906614786,-8.0,8,False
n352,0.38132295719844356,-8.0,8,False
n353,0.3852140077821012,-8.0,8,False
n354,0.38910505836575876,-8.0,8,False
n355,0.39299610894941633,-8.0,8,False
n356,0.3968871595330739,-8.0,8,False
n357,0.40077821011673154,-8.0,8,False
n358,0.4046692607003891,-8.0,8,False
n359,0.4085603112840467,-8.0,8,False
n360,0.41245136186770426,-8.0,8,False
n361,0.4163424124513619,-8.0,8,False
n362,0.42023346303501946,-8.0,8,False
n363,0.42412451361867703,-8.0,8,False
n364,0.4280155642023346,-8.0,8,False
n365,0.43190661478599224,-8.0,8,False
n366,0.4357976653696498,-8.0,8,False
n367,0.4396887159533074,-8.0,8,False
n368,0.44357976653696496,-8.0,8,False
n369,0.4474708171206226,-8.0,8,False
n370,0.45136186770428016,-8.0,8,False
n371,0.45525291828793774,-8.0,8,False
n372,0.4591439688715953,-8.0,8,False
n373,0.46303501945525294,-8.0,8,False
n374,0.4669260700389105,-8.0,8,False
n375,0.4708171206225681,-8.0,8,False
n376,0.47470817120622566,-8.0,8,False
n377,0.4785992217898833,-8.0,8,False
n378,0.48249027237354086,-8.0,8,False
n379,0.48638132295719844,-8.0,8,False
n380,0.490272373540856,-8.0,8,False
n381,0.49416342412451364,-8.0,8,False
n382,0.4980544747081712,-8.0,8,False
n383,0.5019455252918288,-8.0,8,False
n384,0.5058365758754864,-8.0,8,False
n385,0.5097276264591439,-8.0,8,False
n386,0.5136186770428015,-8.0,8,False
n387,0.5175097276264592,-8.0,8,False
n388,0.5214007782101168,-8.0,8,False
n389,0.5252918287937743,-8.0,8,False
n390,0.5291828793774319,-8.0,8,False
n391,0.5330739299610895,-8.0,8,False
n392,0.5369649805447471,-8.0,8,False
n393,0.5408560311284046,-8.0,8,False
n394,0.5447470817120622,-8.0,8,False
n395,0.5486381322957199,-8.0,8,False
n396,0.5525291828793775,-8.0,8,False
n397,0.556420233463035,-8.0,8,False
n398,0.5603112840466926,-8.0,8,False
n399,0.5642023346303502,-8.0,8,False
n400,0.5680933852140078,-8.0,8,False
n401,0.5719844357976653,-8.0,8,False
n402,0.5758754863813229,-8.0,8,False
n403,0.5797665369649806,-8.0,8,False
n404,0.5836575875486382,-8.0,8,False
n405,0.5875486381322957,-8.0,8,False
n406,0.5914396887159533,-8.0,8,False
n407,0.5953307392996109,-8.0,8,False
n408,0.5992217898832685,-8.0,8,False
n409,0.603112840466926,-8.0,8,False
n410,0.6070038910505836,-8.0,8,False
n411,0.6108949416342413,-8.0,8,False
n412,0.6147859922178989,-8.0,8,False
n413,0.6186770428015564,-8.0,8,False
n414,0.622568093385214,-8.0,8,False
n415,0.6264591439688716,-8.0,8,False
n416,0.6303501945525292,-8.0,8,False
n417,0.6342412451361867,-8.0,8,False
n418,0.6381322957198443,-8.0,8,False
n419,0.642023346303502,-8.0,8,False
n420,0.6459143968871596,-8.0,8,False
n421,0.6498054474708171,-8.0,8,False
n422,0.6536964980544747,-8.0,8,False
n423,0.6575875486381323,-8.0,8,False
n424,0.6614785992217899,-8.0,8,False
n425,0.6653696498054474,-8.0,8,False
n426,0.669260700389105,-8.0,8,False
n427,0.6731517509727627,-8.0,8,False
n428,0.6770428015564203,-8.0,8,False
n429,0.6809338521400778,-8.0,8,False
n430,0.6848249027237354,-8.0,8,False
n431,0.688715953307393,-8.0,8,False
n432,0.6926070038910506,-8.0,8,False
n433,0.6964980544747081,-8.0,8,False
n434,0.7003891050583657,-8.0,8,False
n435,0.7042801556420234,-8.0,8,False
n436,0.708171206225681,-8.0,8,False
n437,0.7120622568093385,-8.0,8,False
n438,0.7159533073929961,-8.0,8,False
n439,0.7198443579766537,-8.0,8,False
n440,0.7237354085603113,-8.0,8,False
n441,0.7276264591439688,-8.0,8,False
n442,0.7315175097276264,-8.0,8,False
n443,0.7354085603112841,-8.0,8,False
n444,0.7392996108949417,-8.0,8,False
n445,0.7431906614785992,-8.0,8,False
n446,0.7470817120622568,-8.0,8,False
n447,0.7509727626459144,-8.0,8,False
n448,0.754863813229572,-8.0,8,False
n449,0.7587548638132295,-8.0,8,False
n450,0.7626459143968871,-8.0,8,False
n451,0.7665369649805448,-8.0,8,False
n452,0.7704280155642024,-8.0,8,False
n453,0.77431906614786,-8.0,8,False
n454,0.7782101167315175,-8.0,8,False
n455,0.7821011673151751,-8.0,8,False
n456,0.7859922178988327,-8.0,8,False
n457,0.7898832684824902,-8.0,8,False
n458,0.7937743190661478,-8.0,8,False
n459,0.7976653696498055,-8.0,8,False
n460,0.8015564202334631,-8.0,8,False
n461,0.8054474708171206,-8.0,8,False
n462,0.8093385214007782,-8.0,8,False
n463,0.8132295719844358,-8.0,8,False
n464,0.8171206225680934,-8.0,8,False
n465,0.8210116731517509,-8.0,8,False
n466,0.8249027237354085,-8.0,8,False
n467,0.8287937743190662,-8.0,8,False
n468,0.8326848249027238,-8.0,8,False
n469,0.8365758754863813,-8.0,8,False
n470,0.8404669260700389,-8.0,8,False
n471,0.8443579766536965,-8.0,8,False
n472,0.8482490272373541,-8.0,8,False
n473,0.8521400778210116,-8.0,8,False
n474,0.8560311284046692,-8.0,8,False
n475,0.8599221789883269,-8.0,8,False
n476,0.8638132295719845,-8.0,8,False
n477,0.867704280155642,-8.0,8,False
n478,0.8715953307392996,-8.0,8,False
n479,0.8754863813229572,-8.0,8,False
n480,0.8793774319066148,-8.0,8,False
n481,0.8832684824902723,-8.0,8,False
n482,0.8871595330739299,-8.0,8,False
n483,0.8910505836575876,-8.0,8,False
n484,0.8949416342412452,-8.0,8,False
n485,0.8988326848249028,-8.0,8,False
n486,0.9027237354085603,-8.0,8,False
n487,0.9066147859922179,-8.0,8,False
n488,0.9105058365758755,-8.0,8,False
n489,0.914396887159533,-8.0,8,False
n490,0.9182879377431906,-8.0,8,False
n491,0.9221789883268483,-8.0,8,False
n492,0.9260700389105059,-8.0,8,False
n493,0.9299610894941635,-8.0,8,False
n494,0.933852140077821,-8.0,8,False
n495,0.9377431906614786,-8.0,8,False
n496,0.9416342412451362,-8.0,8,False
n497,0.9455252918287937,-8.0,8,False
n498,0.9494163424124513,-8.0,8,False
n499,0.953307392996109,-8.0,8,False
n500,0.9571984435797666,-8.0,8,False
n501,0.9610894941634242,-8.0,8,False
n502,0.9649805447470817,-8.0,8,False
n503,0.9688715953307393,-8.0,8,False
n504,0.9727626459143969,-8.0,8,False
n505,0.9766536964980544,-8.0,8,False
n506,0.980544747081712,-8.0,8,False
n507,0.9844357976653697,-8.0,8,False
n508,0.9883268482490273,-8.0,8,False
n509,0.9922178988326849,-8.0,8,False
n510,0.9961089494163424,-8.0,8,False
n511,0.04678362573099415,-9.0,9,False
n512,0.04873294346978557,-9.0,9,False
n513,0.050682261208576995,-9.0,9,False
n514,0.05263157894736842,-9.0,9,False
n515,0.05458089668615984,-9.0,9,False
n516,0.056530214424951264,-9.0,9,False
n517,0.05847953216374269,-9.0,9,False
n518,0.06042884990253411,-9.0,9,False
n519,0.06237816764132553,-9.0,9,False
n520,0.06432748538011696,-9.0,9,False
n521,0.06627680311890838,-9.0,9,False
n522,0.0682261208576998,-9.0,9,False
n523,0.07017543859649122,-9.0,9,False
n524,0.07212475633528265,-9.0,9,False
n525,0.07407407407407407,-9.0,9,False
n526,0.07602339181286549,-9.0,9,False
n527,0.07797270955165692,-9.0,9,False
n528,0.07992202729044834,-9.0,9,False
n529,0.08187134502923976,-9.0,9,False
n530,0.08382066276803118,-9.0,9,False
n531,0.08576998050682261,-9.0,9,False
n532,0.08771929824561403,-9.0,9,False
n533,0.08966861598440545,-9.0,9,False
n534,0.09161793372319688,-9.0,9,False
n535,0.0935672514619883,-9.0,9,False
n536,0.09551656920077972,-9.0,9,False
n537,0.09746588693957114,-9.0,9,False
n538,0.09941520467836257,-9.0,9,False
n539,0.10136452241715399,-9.0,9,False
n540,0.10331384015594541,-9.0,9,False
n541,0.10526315789473684,-9.0,9,False
n542,0.10721247563352826,-9.0,9,False
n543,0.10916179337231968,-9.0,9,False
n544,0.1111111111111111,-9.0,9,False
n545,0.11306042884990253,-9.0,9,False
n546,0.11500974658869395,-9.0,9,False
n547,0.11695906432748537,-9.0,9,False
n548,0.1189083820662768,-9.0,9,False
n549,0.12085769980506822,-9.0,9,False
n550,0.12280701754385964,-9.0,9,False
n551,0.12475633528265107,-9.0,9,False
n552,0.1267056530214425,-9.0,9,False
n553,0.1286549707602339,-9.0,9,False
n554,0.13060428849902533,-9.0,9,False
n555,0.13255360623781676,-9.0,9,False
n556,0.13450292397660818,-9.0,9,False
n557,0.1364522417153996,-9.0,9,False
n558,0.13840155945419103,-9.0,9,False
n559,0.14035087719298245,-9.0,9,False
n560,0.14230019493177387,-9.0,9,False
n561,0.1442495126705653,-9.0,9,False
n562,0.14619883040935672,-9.0,9,False
n563,0.14814814814814814,-9.0,9,False
n564,0.15009746588693956,-9.0,9,False
n565,0.15204678362573099,-9.0,9,False
n566,0.1539961013645224,-9.0,9,False
n567,0.15594541910331383,-9.0,9,False
n568,0.15789473684210525,-9.0,9,False
n569,0.15984405458089668,-9.0,9,False
n570,0.1617933723196881,-9.0,9,False
n571,0.16374269005847952,-9.0,9,False
n572,0.16569200779727095,-9.0,9,False
n573,0.16764132553606237,-9.0,9,False
n574,0.1695906432748538,-9.0,9,False
n575,0.17153996101364521,-9.0,9,False
n576,0.17348927875243664,-9.0,9,False
n577,0.17543859649122806,-9.0,9,False
n578,0.17738791423001948,-9.0,9,False
n579,0.1793372319688109,-9.0,9,False
n580,0.18128654970760233,-9.0,9,False
n581,0.18323586744639375,-9.0,9,False
n582,0.18518518518518517,-9.0,9,False
n583,0.1871345029239766,-9.0,9,False
n584,0.18908382066276802,-9.0,9,False
n585,0.19103313840155944,-9.0,9,False
n586,0.19298245614035087,-9.0,9,False
n587,0.1949317738791423,-9.0,9,False
n588,0.1968810916179337,-9.0,9,False
n589,0.19883040935672514,-9.0,9,False
n590,0.20077972709551656,-9.0,9,False
n591,0.20272904483430798,-9.0,9,False
n592,0.2046783625730994,-9.0,9,False
n593,0.20662768031189083,-9.0,9,False
n594,0.20857699805068225,-9.0,9,False
n595,0.21052631578947367,-9.0,9,False
n596,0.2124756335282651,-9.0,9,False
n597,0.21442495126705652,-9.0,9,False
n598,0.21637426900584794,-9.0,9,False
n599,0.21832358674463936,-9.0,9,False
n600,0.2202729044834308,-9.0,9,False
n601,0.2222222222222222,-9.0,9,False
n602,0.22417153996101363,-9.0,9,False
n603,0.22612085769980506,-9.0,9,False
n604,0.22807017543859648,-9.0,9,False
n605,0.2300194931773879,-9.0,9,False
n606,0.23196881091617932,-9.0,9,False
n607,0.23391812865497075,-9.0,9,False
n608,0.23586744639376217,-9.0,9,False
n609,0.2378167641325536,-9.0,9,False
n610,0.23976608187134502,-9.0,9,False
n611,0.24171539961013644,-9.0,9,False
n612,0.24366471734892786,-9.0,9,False
n613,0.24561403508771928,-9.0,9,False
n614,0.2475633528265107,-9.0,9,False
n615,0.24951267056530213,-9.0,9,False
n616,0.25146198830409355,-9.0,9,False
n617,0.253411306042885,-9.0,9,False
n618,0.2553606237816764,-9.0,9,False
n619,0.2573099415204678,-9.0,9,False
n620,0.25925925925925924,-9.0,9,False
n621,0.26120857699805067,-9.0,9,False
n622,0.2631578947368421,-9.0,9,False
n623,0.2651072124756335,-9.0,9,False
n624,0.26705653021442494,-9.0,9,False
n625,0.26900584795321636,-9.0,9,False
n626,0.2709551656920078,-9.0,9,False
n627,0.2729044834307992,-9.0,9,False
n628,0.27485380116959063,-9.0,9,False
n629,0.27680311890838205,-9.0,9,False
n630,0.2787524366471735,-9.0,9,False
n631,0.2807017543859649,-9.0,9,False
n632,0.2826510721247563,-9.0,9,False
n633,0.28460038986354774,-9.0,9,False
n634,0.28654970760233917,-9.0,9,False
n635,0.2884990253411306,-9.0,9,False
n636,0.290448343079922,-9.0,9,False
n637,0.29239766081871343,-9.0,9,False
n638,0.29434697855750486,-9.0,9,False
n639,0.2962962962962963,-9.0,9,False
n640,0.2982456140350877,-9.0,9,False
n641,0.3001949317738791,-9.0,9,False
n642,0.30214424951267055,-9.0,9,False
n643,0.30409356725146197,-9.0,9,False
n644,0.3060428849902534,-9.0,9,False
n645,0.3079922027290448,-9.0,9,False
n646,0.30994152046783624,-9.0,9,False
n647,0.31189083820662766,-9.0,9,False
n648,0.3138401559454191,-9.0,9,False
n649,0.3157894736842105,-9.0,9,False
n650,0.31773879142300193,-9.0,9,False
n651,0.31968810916179335,-9.0,9,False
n652,0.3216374269005848,-9.0,9,False
n653,0.3235867446393762,-9.0,9,False
n654,0.3255360623781676,-9.0,9,False
n655,0.32748538011695905,-9.0,9,False
n656,0.32943469785575047,-9.0,9,False
n657,0.3313840155945419,-9.0,9,False
n658,0.3333333333333333,-9.0,9,False
n659,0.33528265107212474,-9.0,9,False
n660,0.33723196881091616,-9.0,9,False
n661,0.3391812865497076,-9.0,9,False
n662,0.341130604288499,-9.0,9,False
n663,0.34307992202729043,-9.0,9,False
n664,0.34502923976608185,-9.0,9,False
n665,0.3469785575048733,-9.0,9,False
n666,0.3489278752436647,-9.0,9,False
n667,0.3508771929824561,-9.0,9,False
n668,0.35282651072124754,-9.0,9,False
n669,0.35477582846003897,-9.0,9,False
n670,0.3567251461988304,-9.0,9,False
n671,0.3586744639376218,-9.0,9,False
n672,0.36062378167641324,-9.0,9,False
n673,0.36257309941520466,-9.0,9,False
n674,0.3645224171539961,-9.0,9,False
n675,0.3664717348927875,-9.0,9,False
n676,0.3684210526315789,-9.0,9,False
n677,0.37037037037037035,-9.0,9,False
n678,0.3723196881091618,-9.0,9,False
n679,0.3742690058479532,-9.0,9,False
n680,0.3762183235867446,-9.0,9,False
n681,0.37816764132553604,-9.0,9,False
n682,0.38011695906432746,-9.0,9,False
n683,0.3820662768031189,-9.0,9,False
n684,0.3840155945419103,-9.0,9,False
n685,0.38596491228070173,-9.0,9,False
n686,0.38791423001949316,-9.0,9,False
n687,0.3898635477582846,-9.0,9,False
n688,0.391812865497076,-9.0,9,False
n689,0.3937621832358674,-9.0,9,False
n690,0.39571150097465885,-9.0,9,False
n691,0.39766081871345027,-9.0,9,False
n692,0.3996101364522417,-9.0,9,False
n693,0.4015594541910331,-9.0,9,False
n694,0.40350877192982454,-9.0,9,False
n695,0.40545808966861596,-9.0,9,False
n696,0.4074074074074074,-9.0,9,False
n697,0.4093567251461988,-9.0,9,False
n698,0.41130604288499023,-9.0,9,False
n699,0.41325536062378165,-9.0,9,False
n700,0.4152046783625731,-9.0,9,False
n701,0.4171539961013645,-9.0,9,False
n702,0.4191033138401559,-9.0,9,False
n703,0.42105263157894735,-9.0,9,False
n704,0.42300194931773877,-9.0,9,False
n705,0.4249512670565302,-9.0,9,False
n706,0.4269005847953216,-9.0,9,False
n707,0.42884990253411304,-9.0,9,False
n708,0.43079922027290446,-9.0,9,False
n709,0.4327485380116959,-9.0,9,False
n710,0.4346978557504873,-9.0,9,False
n711,0.43664717348927873,-9.0,9,False
n712,0.43859649122807015,-9.0,9,False
n713,0.4405458089668616,-9.0,9,False
n714,0.442495126705653,-9.0,9,False
n715,0.4444444444444444,-9.0,9,False
n716,0.44639376218323584,-9.0,9,False
n717,0.44834307992202727,-9.0,9,False
n718,0.4502923976608187,-9.0,9,False
n719,0.4522417153996101,-9.0,9,False
n720,0.45419103313840153,-9.0,9,False
n721,0.45614035087719296,-9.0,9,False
n722,0.4580896686159844,-9.0,9,False
n723,0.4600389863547758,-9.0,9,False
n724,0.4619883040935672,-9.0,9,False
n725,0.46393762183235865,-9.0,9,False
n726,0.46588693957115007,-9.0,9,False
n727,0.4678362573099415,-9.0,9,False
n728,0.4697855750487329,-9.0,9,False
n729,0.47173489278752434,-9.0,9,False
n730,0.47368421052631576,-9.0,9,False
n731,0.4756335282651072,-9.0,9,False
n732,0.4775828460038986,-9.0,9,False
n733,0.47953216374269003,-9.0,9,False
n734,0.48148148148148145,-9.0,9,False
n735,0.4834307992202729,-9.0,9,False
n736,0.4853801169590643,-9.0,9,False
n737,0.4873294346978557,-9.0,9,False
n738,0.48927875243664715,-9.0,9,False
n739,0.49122807017543857,-9.0,9,False
n740,0.49317738791423,-9.0,9,False
n741,0.4951267056530214,-9.0,9,False
n742,0.49707602339181284,-9.0,9,False
n743,0.49902534113060426,-9.0,9,False
n744,0.5009746588693957,-9.0,9,False
n745,0.5029239766081871,-9.0,9,False
n746,0.5048732943469786,-9.0,9,False
n747,0.50682261208577,-9.0,9,False
n748,0.5087719298245614,-9.0,9,False
n749,0.5107212475633528,-9.0,9,False
n750,0.5126705653021443,-9.0,9,False
n751,0.5146198830409356,-9.0,9,False
n752,0.5165692007797271,-9.0,9,False
n753,0.5185185185185185,-9.0,9,False
n754,0.52046783625731,-9.0,9,False
n755,0.5224171539961013,-9.0,9,False
n756,0.5243664717348928,-9.0,9,False
n757,0.5263157894736842,-9.0,9,False
n758,0.5282651072124757,-9.0,9,False
n759,0.530214424951267,-9.0,9,False
n760,0.5321637426900585,-9.0,9,False
n761,0.5341130604288499,-9.0,9,False
n762,0.5360623781676414,-9.0,9,False
n763,0.5380116959064327,-9.0,9,False
n764,0.5399610136452242,-9.0,9,False
n765,0.5419103313840156,-9.0,9,False
n766,0.543859649122807,-9.0,9,False
n767,0.5458089668615984,-9.0,9,False
n768,0.5477582846003899,-9.0,9,False
n769,0.5497076023391813,-9.0,9,False
n770,0.5516569200779727,-9.0,9,False
n771,0.5536062378167641,-9.0,9,False
n772,0.5555555555555556,-9.0,9,False
n773,0.557504873294347,-9.0,9,False
n774,0.5594541910331384,-9.0,9,False
n775,0.5614035087719298,-9.0,9,False
n776,0.5633528265107213,-9.0,9,False
n777,0.5653021442495126,-9.0,9,False
n778,0.5672514619883041,-9.0,9,False
n779,0.5692007797270955,-9.0,9,False
n780,0.571150097465887,-9.0,9,False
n781,0.5730994152046783,-9.0,9,False
n782,0.5750487329434698,-9.0,9,False
n783,0.5769980506822612,-9.0,9,False
n784,0.5789473684210527,-9.0,9,False
n785,0.580896686159844,-9.0,9,False
n786,0.5828460038986355,-9.0,9,False
n787,0.5847953216374269,-9.0,9,False
n788,0.5867446393762183,-9.0,9,False
n789,0.5886939571150097,-9.0,9,False
n790,0.5906432748538012,-9.0,9,False
n791,0.5925925925925926,-9.0,9,False
n792,0.594541910331384,-9.0,9,False
n793,0.5964912280701754,-9.0,9,False
n794,0.5984405458089669,-9.0,9,False
n795,0.6003898635477583,-9.0,9,False
n796,0.6023391812865497,-9.0,9,False
n797,0.6042884990253411,-9.0,9,False
n798,0.6062378167641326,-9.0,9,False
n799,0.6081871345029239,-9.0,9,False
n800,0.6101364522417154,-9.0,9,False
n801,0.6120857699805068,-9.0,9,False
n802,0.6140350877192983,-9.0,9,False
n803,0.6159844054580896,-9.0,9,False
n804,0.6179337231968811,-9.0,9,False
n805,0.6198830409356725,-9.0,9,False
n806,0.621832358674464,-9.0,9,False
n807,0.6237816764132553,-9.0,9,False
n808,0.6257309941520468,-9.0,9,False
n809,0.6276803118908382,-9.0,9,False
n810,0.6296296296296297,-9.0,9,False
n811,0.631578947368421,-9.0,9,False
n812,0.6335282651072125,-9.0,9,False
n813,0.6354775828460039,-9.0,9,False
n814,0.6374269005847953,-9.0,9,False
n815,0.6393762183235867,-9.0,9,False
n816,0.6413255360623782,-9.0,9,False
n817,0.6432748538011696,-9.0,9,False
n818,0.645224171539961,-9.0,9,False
n819,0.6471734892787524,-9.0,9,False
n820,0.6491228070175439,-9.0,9,False
n821,0.6510721247563352,-9.0,9,False
n822,0.6530214424951267,-9.0,9,False
n823,0.6549707602339181,-9.0,9,False
n824,0.6569200779727096,-9.0,9,False
n825,0.6588693957115009,-9.0,9,False
n826,0.6608187134502924,-9.0,9,False
n827,0.6627680311890838,-9.0,9,False
n828,0.6647173489278753,-9.0,9,False
n829,0.6666666666666666,-9.0,9,False
n830,0.6686159844054581,-9.0,9,False
n831,0.6705653021442495,-9.0,9,False
n832,0.672514619883041,-9.0,9,False
n833,0.6744639376218323,-9.0,9,False
n834,0.6764132553606238,-9.0,9,False
n835,0.6783625730994152,-9.0,9,False
n836,0.6803118908382066,-9.0,9,False
n837,0.682261208576998,-9.0,9,False
n838,0.6842105263157895,-9.0,9,False
n839,0.6861598440545809,-9.0,9,False
n840,0.6881091617933723,-9.0,9,False
n841,0.6900584795321637,-9.0,9,False
n842,0.6920077972709552,-9.0,9,False
n843,0.6939571150097466,-9.0,9,False
n844,0.695906432748538,-9.0,9,False
n845,0.6978557504873294,-9.0,9,False
n846,0.6998050682261209,-9.0,9,False
n847,0.7017543859649122,-9.0,9,False
n848,0.7037037037037037,-9.0,9,False
n849,0.7056530214424951,-9.0,9,False
n850,0.7076023391812866,-9.0,9,False
n851,0.7095516569200779,-9.0,9,False
n852,0.7115009746588694,-9.0,9,False
n853,0.7134502923976608,-9.0,9,False
n854,0.7153996101364523,-9.0,9,False
n855,0.7173489278752436,-9.0,9,False
n856,0.7192982456140351,-9.0,9,False
n857,0.7212475633528265,-9.0,9,False
n858,0.723196881091618,-9.0,9,False
n859,0.7251461988304093,-9.0,9,False
n860,0.7270955165692008,-9.0,9,False
n861,0.7290448343079922,-9.0,9,False
n862,0.7309941520467836,-9.0,9,False
n863,0.732943469785575,-9.0,9,False
n864,0.7348927875243665,-9.0,9,False
n865,0.7368421052631579,-9.0,9,False
n866,0.7387914230019493,-9.0,9,False
n867,0.7407407407407407,-9.0,9,False
n868,0.7426900584795322,-9.0,9,False
n869,0.7446393762183235,-9.0,9,False
n870,0.746588693957115,-9.0,9,False
n871,0.7485380116959064,-9.0,9,False
n872,0.7504873294346979,-9.0,9,False
n873,0.7524366471734892,-9.0,9,False
n874,0.7543859649122807,-9.0,9,False
n875,0.7563352826510721,-9.0,9,False
n876,0.7582846003898636,-9.0,9,False
n877,0.7602339181286549,-9.0,9,False
n878,0.7621832358674464,-9.0,9,False
n879,0.7641325536062378,-9.0,9,False
n880,0.7660818713450293,-9.0,9,False
n881,0.7680311890838206,-9.0,9,False
n882,0.7699805068226121,-9.0,9,False
n883,0.7719298245614035,-9.0,9,False
n884,0.7738791423001949,-9.0,9,False
n885,0.7758284600389863,-9.0,9,False
n886,0.7777777777777778,-9.0,9,False
n887,0.7797270955165692,-9.0,9,False
n888,0.7816764132553606,-9.0,9,False
n889,0.783625730994152,-9.0,9,False
n890,0.7855750487329435,-9.0,9,False
n891,0.7875243664717348,-9.0,9,False
n892,0.7894736842105263,-9.0,9,False
n893,0.7914230019493177,-9.0,9,False
n894,0.7933723196881092,-9.0,9,False
n895,0.7953216374269005,-9.0,9,False
n896,0.797270955165692,-9.0,9,False
n897,0.7992202729044834,-9.0,9,False
n898,0.8011695906432749,-9.0,9,False
n899,0.8031189083820662,-9.0,9,False
n900,0.8050682261208577,-9.0,9,False
n901,0.8070175438596491,-9.0,9,False
n902,0.8089668615984406,-9.0,9,False
n903,0.8109161793372319,-9.0,9,False
n904,0.8128654970760234,-9.0,9,False
n905,0.8148148148148148,-9.0,9,False
n906,0.8167641325536062,-9.0,9,False
n907,0.8187134502923976,-9.0,9,False
n908,0.8206627680311891,-9.0,9,False
n909,0.8226120857699805,-9.0,9,False
n910,0.8245614035087719,-9.0,9,False
n911,0.8265107212475633,-9.0,9,False
n912,0.8284600389863548,-9.0,9,False
n913,0.8304093567251462,-9.0,9,False
n914,0.8323586744639376,-9.0,9,False
n915,0.834307992202729,-9.0,9,False
n916,0.8362573099415205,-9.0,9,False
n917,0.8382066276803118,-9.0,9,False
n918,0.8401559454191033,-9.0,9,False
n919,0.8421052631578947,-9.0,9,False
n920,0.8440545808966862,-9.0,9,False
n921,0.8460038986354775,-9.0,9,False
n922,0.847953216374269,-9.0,9,False
n923,0.8499025341130604,-9.0,9,False
n924,0.8518518518518519,-9.0,9,False
n925,0.8538011695906432,-9.0,9,False
n926,0.8557504873294347,-9.0,9,False
n927,0.8576998050682261,-9.0,9,False
n928,0.8596491228070176,-9.0,9,False
n929,0.8615984405458089,-9.0,9,False
n930,0.8635477582846004,-9.0,9,False
n931,0.8654970760233918,-9.0,9,False
n932,0.8674463937621832,-9.0,9,False
n933,0.8693957115009746,-9.0,9,False
n934,0.8713450292397661,-9.0,9,False
n935,0.8732943469785575,-9.0,9,False
n936,0.8752436647173489,-9.0,9,False
n937,0.8771929824561403,-9.0,9,False
n938,0.8791423001949318,-9.0,9,False
n939,0.8810916179337231,-9.0,9,False
n940,0.8830409356725146,-9.0,9,False
n941,0.884990253411306,-9.0,9,False
n942,0.8869395711500975,-9.0,9,False
n943,0.8888888888888888,-9.0,9,False
n944,0.8908382066276803,-9.0,9,False
n945,0.8927875243664717,-9.0,9,False
n946,0.8947368421052632,-9.0,9,False
n947,0.8966861598440545,-9.0,9,False
n948,0.898635477582846,-9.0,9,False
n949,0.9005847953216374,-9.0,9,False
n950,0.9025341130604289,-9.0,9,False
n951,0.9044834307992202,-9.0,9,False
n952,0.9064327485380117,-9.0,9,False
n953,0.9083820662768031,-9.0,9,False
n954,0.9103313840155945,-9.0,9,False
n955,0.9122807017543859,-9.0,9,False
n956,0.9142300194931774,-9.0,9,False
n957,0.9161793372319688,-9.0,9,False
n958,0.9181286549707602,-9.0,9,False
n959,0.9200779727095516,-9.0,9,False
n960,0.9220272904483431,-9.0,9,False
n961,0.9239766081871345,-9.0,9,False
n962,0.9259259259259259,-9.0,9,False
n963,0.9278752436647173,-9.0,9,False
n964,0.9298245614035088,-9.0,9,False
n965,0.9317738791423001,-9.0,9,False
n966,0.9337231968810916,-9.0,9,False
n967,0.935672514619883,-9.0,9,False
n968,0.9376218323586745,-9.0,9,False
n969,0.9395711500974658,-9.0,9,False
n970,0.9415204678362573,-9.0,9,False
n971,0.9434697855750487,-9.0,9,False
n972,0.9454191033138402,-9.0,9,False
n973,0.9473684210526315,-9.0,9,False
n974,0.949317738791423,-9.0,9,False
n975,0.9512670565302144,-9.0,9,False
n976,0.9532163742690059,-9.0,9,False
n977,0.9551656920077972,-9.0,9,False
n978,0.9571150097465887,-9.0,9,False
n979,0.9590643274853801,-9.0,9,False
n980,0.9610136452241715,-9.0,9,False
n981,0.9629629629629629,-9.0,9,False
n982,0.9649122807017544,-9.0,9,False
n983,0.9668615984405458,-9.0,9,False
n984,0.9688109161793372,-9.0,9,False
n985,0.9707602339181286,-9.0,9,False
n986,0.9727095516569201,-9.0,9,False
n987,0.9746588693957114,-9.0,9,False
n988,0.9766081871345029,-9.0,9,False
n989,0.9785575048732943,-9.0,9,False
n990,0.9805068226120858,-9.0,9,False
n991,0.9824561403508771,-9.0,9,False
n992,0.9844054580896686,-9.0,9,False
n993,0.98635477582846,-9.0,9,False
n994,0.9883040935672515,-9.0,9,False
n995,0.9902534113060428,-9.0,9,False
n996,0.9922027290448343,-9.0,9,False
n997,0.9941520467836257,-9.0,9,False
n998,0.9961013645224172,-9.0,9,False
n999,0.9980506822612085,-9.0,9,False
n1000,0.001949317738791423,-9.0,9,False
n1001,0.003898635477582846,-9.0,9,False
n1002,0.005847953216374269,-9.0,9,False
n1003,0.007797270955165692,-9.0,9,False
n1004,0.009746588693957114,-9.0,9,False
n1005,0.011695906432748537,-9.0,9,False
n1006,0.01364522417153996,-9.0,9,False
n1007,0.015594541910331383,-9.0,9,False
n1008,0.017543859649122806,-9.0,9,False
n1009,0.01949317738791423,-9.0,9,False
n1010,0.021442495126705652,-9.0,9,False
n1011,0.023391812865497075,-9.0,9,False
n1012,0.025341130604288498,-9.0,9,False
n1013,0.02729044834307992,-9.0,9,False
n1014,0.029239766081871343,-9.0,9,False
n1015,0.031189083820662766,-9.0,9,False
n1016,0.03313840155945419,-9.0,9,False
n1017,0.03508771929824561,-9.0,9,False
n1018,0.037037037037037035,-9.0,9,False
n1019,0.03898635477582846,-9.0,9,False
n1020,0.04093567251461988,-9.0,9,False
n1021,0.042884990253411304,-9.0,9,False
n1022,0.04483430799220273,-9.0,9,False
