edge,tail,head
e0,s,n1
e1,s,n2
e2,n1,n3
e3,n1,n4
e4,n2,n5
e5,n2,n6
e6,n3,n7
e7,n3,n8
e8,n4,n9
e9,n4,n10
e10,n5,n11
e11,n5,n12
e12,n6,n13
e13,n6,n14
e14,n7,n15
e15,n7,n16
e16,n8,n17
e17,n8,n18
e18,n9,n19
e19,n9,n20
e20,n10,n21
e21,n10,n22
e22,n11,n23
e23,n11,n24
e24,n12,n25
e25,n12,n26
e26,n13,n27
e27,n13,n28
e28,n14,n29
e29,n14,n30
e30,n15,n31
e31,n15,n32
e32,n16,n33
e33,n16,n34
e34,n17,n35
e35,n17,n36
e36,n18,n37
e37,n18,n38
e38,n19,n39
e39,n19,n40
e40,n20,n41
e41,n20,n42
e42,n21,n43
e43,n21,n44
e44,n22,n45
e45,n22,n46
e46,n23,n47
e47,n23,n48
e48,n24,n49
e49,n24,n50
e50,n25,n51
e51,n25,n52
e52,n26,n53
e53,n26,n54
e54,n27,n55
e55,n27,n56
e56,n28,n57
e57,n28,n58
e58,n29,n59
e59,n29,n60
e60,n30,n61
e61,n30,n62
e62,n31,n63
e63,n31,n64
e64,n32,n65
e65,n32,n66
e66,n33,n67
e67,n33,n68
e68,n34,n69
e69,n34,n70
e70,n35,n71
e71,n35,n72
e72,n36,n73
e73,n36,n74
e74,n37,n75
e75,n37,n76
e76,n38,n77
e77,n38,n78
e78,n39,n79
e79,n39,n80
e80,n40,n81
e81,n40,n82
e82,n41,n83
e83,n41,n84
e84,n42,n85
e85,n42,n86
e86,n43,n87
e87,n43,n88
e88,n44,n89
e89,n44,n90
e90,n45,n91
e91,n45,n92
e92,n46,n93
e93,n46,n94
e94,n47,n95
e95,n47,n96
e96,n48,n97
e97,n48,n98
e98,n49,n99
e99,n49,n100
e100,n50,n101
e101,n50,n102
e102,n51,n103
e103,n51,n104
e104,n52,n105
e105,n52,n106
e106,n53,n107
e107,n53,n108
e108,n54,n109
e109,n54,n110
e110,n55,n111
e111,n55,n112
e112,n56,n113
e113,n56,n114
e114,n57,n115
e115,n57,n116
e116,n58,n117
e117,n58,n118
e118,n59,n119
e119,n59,n120
e120,n60,n121
e121,n60,n122
e122,n61,n123
e123,n61,n124
e124,n62,n125
e125,n62,n126
e126,n63,n127
e127,n63,n128
e128,n64,n129
e129,n64,n130
e130,n65,n131
e131,n65,n132
e132,n66,n133
e133,n66,n134
e134,n67,n135
e135,n67,n136
e136,n68,n137
e137,n68,n138
e138,n69,n139
e139,n69,n140
e140,n70,n141
e141,n70,n142
e142,n71,n143
e143,n71,n144
e144,n72,n145
e145,n72,n146
e146,n73,n147
e147,n73,n148
e148,n74,n149
e149,n74,n150
e150,n75,n151
e151,n75,n152
e152,n76,n153
e153,n76,n154
e154,n77,n155
e155,n77,n156
e156,n78,n157
e157,n78,n158
e158,n79,n159
e159,n79,n160
e160,n80,n161
e161,n80,n162
e162,n81,n163
e163,n81,n164
e164,n82,n165
e165,n82,n166
e166,n83,n167
e167,n83,n168
e168,n84,n169
e169,n84,n170
e170,n85,n171
e171,n85,n172
e172,n86,n173
e173,n86,n174
e174,n87,n175
e175,n87,n176
e176,n88,n177
e177,n88,n178
e178,n89,n179
e179,n89,n180
e180,n90,n181
e181,n90,n182
e182,n91,n183
e183,n91,n184
e184,n92,n185
e185,n92,n186
e186,n93,n187
e187,n93,n188
e188,n94,n189
e189,n94,n190
e190,n95,n191
e191,n95,n192
e192,n96,n193
e193,n96,n194
e194,n97,n195
e195,n97,n196
e196,n98,n197
e197,n98,n198
e198,n99,n199
e199,n99,n200
e200,n100,n201
e201,n100,n202
e202,n101,n203
e203,n101,n204
e204,n102,n205
e205,n102,n206
e206,n103,n207
e207,n103,n208
e208,n104,n209
e209,n104,n210
e210,n105,n211
e211,n105,n212
e212,n106,n213
e213,n106,n214
e214,n107,n215
e215,n107,n216
e216,n108,n217
e217,n108,n218
e218,n109,n219
e219,n109,n220
e220,n110,n221
e221,n110,n222
e222,n111,n223
e223,n111,n224
e224,n112,n225
e225,n112,n226
e226,n113,n227
e227,n113,n228
e228,n114,n229
e229,n114,n230
e230,n115,n231
e231,n115,n232
e232,n116,n233
e233,n116,n234
e234,n117,n235
e235,n117,n236
e236,n118,n237
e237,n118,n238
e238,n119,n239
e239,n119,n240
e240,n120,n241
e241,n120,n242
e242,n121,n243
e243,n121,n244
e244,n122,n245
e245,n122,n246
e246,n123,n247
e247,n123,n248
e248,n124,n249
e249,n124,n250
e250,n125,n251
e251,n125,n252
e252,n126,n253
e253,n126,n254
e254,n127,n255
e255,n127,n256
e256,n128,n257
e257,n128,n258
e258,n129,n259
e259,n129,n260
e260,n130,n261
e261,n130,n262
e262,n131,n263
e263,n131,n264
e264,n132,n265
e265,n132,n266
e266,n133,n267
e267,n133,n268
e268,n134,n269
e269,n134,n270
e270,n135,n271
e271,n135,n272
e272,n136,n273
e273,n136,n274
e274,n137,n275
e275,n137,n276
e276,n138,n277
e277,n138,n278
e278,n139,n279
e279,n139,n280
e280,n140,n281
e281,n140,n282
e282,n141,n283
e283,n141,n284
e284,n142,n285
e285,n142,n286
e286,n143,n287
e287,n143,n288
e288,n144,n289
e289,n144,n290
e290,n145,n291
e291,n145,n292
e292,n146,n293
e293,n146,n294
e294,n147,n295
e295,n147,n296
e296,n148,n297
e297,n148,n298
e298,n149,n299
e299,n149,n300
e300,n150,n301
e301,n150,n302
e302,n151,n303
e303,n151,n304
e304,n152,n305
e305,n152,n306
e306,n153,n307
e307,n153,n308
e308,n154,n309
e309,n154,n310
e310,n155,n311
e311,n155,n312
e312,n156,n313
e313,n156,n314
e314,n157,n315
e315,n157,n316
e316,n158,n317
e317,n158,n318
e318,n159,n319
e319,n159,n320
e320,n160,n321
e321,n160,n322
e322,n161,n323
e323,n161,n324
e324,n162,n325
e325,n162,n326
e326,n163,n327
e327,n163,n328
e328,n164,n329
e329,n164,n330
e330,n165,n331
e331,n165,n332
e332,n166,n333
e333,n166,n334
e334,n167,n335
e335,n167,n336
e336,n168,n337
e337,n168,n338
e338,n169,n339
e339,n169,n340
e340,n170,n341
e341,n170,n342
e342,n171,n343
e343,n171,n344
e344,n172,n345
e345,n172,n346
e346,n173,n347
e347,n173,n348
e348,n174,n349
e349,n174,n350
e350,n175,n351
e351,n175,n352
e352,n176,n353
e353,n176,n354
e354,n177,n355
e355,n177,n356
e356,n178,n357
e357,n178,n358
e358,n179,n359
e359,n179,n360
e360,n180,n361
e361,n180,n362
e362,n181,n363
e363,n181,n364
e364,n182,n365
e365,n182,n366
e366,n183,n367
e367,n183,n368
e368,n184,n369
e369,n184,n370
e370,n185,n371
e371,n185,n372
e372,n186,n373
e373,n186,n374
e374,n187,n375
e375,n187,n376
e376,n188,n377
e377,n188,n378
e378,n189,n379
e379,n189,n380
e380,n190,n381
e381,n190,n382
e382,n191,n383
e383,n191,n384
e384,n192,n385
e385,n192,n386
e386,n193,n387
e387,n193,n388
e388,n194,n389
e389,n194,n390
e390,n195,n391
e391,n195,n392
e392,n196,n393
e393,n196,n394
e394,n197,n395
e395,n197,n396
e396,n198,n397
e397,n198,n398
e398,n199,n399
e399,n199,n400
e400,n200,n401
e401,n200,n402
e402,n201,n403
e403,n201,n404
e404,n202,n405
e405,n202,n406
e406,n203,n407
e407,n203,n408
e408,n204,n409
e409,n204,n410
e410,n205,n411
e411,n205,n412
e412,n206,n413
e413,n206,n414
e414,n207,n415
e415,n207,n416
e416,n208,n417
e417,n208,n418
e418,n209,n419
e419,n209,n420
e420,n210,n421
e421,n210,n422
e422,n211,n423
e423,n211,n424
e424,n212,n425
e425,n212,n426
e426,n213,n427
e427,n213,n428
e428,n214,n429
e429,n214,n430
e430,n215,n431
e431,n215,n432
e432,n216,n433
e433,n216,n434
e434,n217,n435
e435,n217,n436
e436,n218,n437
e437,n218,n438
e438,n219,n439
e439,n219,n440
e440,n220,n441
e441,n220,n442
e442,n221,n443
e443,n221,n444
e444,n222,n445
e445,n222,n446
e446,n223,n447
e447,n223,n448
e448,n224,n449
e449,n224,n450
e450,n225,n451
e451,n225,n452
e452,n226,n453
e453,n226,n454
e454,n227,n455
e455,n227,n456
e456,n228,n457
e457,n228,n458
e458,n229,n459
e459,n229,n460
e460,n230,n461
e461,n230,n462
e462,n231,n463
e463,n231,n464
e464,n232,n465
e465,n232,n466
e466,n233,n467
e467,n233,n468
e468,n234,n469
e469,n234,n470
e470,n235,n471
e471,n235,n472
e472,n236,n473
e473,n236,n474
e474,n237,n475
e475,n237,n476
e476,n238,n477
e477,n238,n478
e478,n239,n479
e479,n239,n480
e480,n240,n481
e481,n240,n482
e482,n241,n483
e483,n241,n484
e484,n242,n485
e485,n242,n486
e486,n243,n487
e487,n243,n488
e488,n244,n489
e489,n244,n490
e490,n245,n491
e491,n245,n492
e492,n246,n493
e493,n246,n494
e494,n247,n495
e495,n247,n496
e496,n248,n497
e497,n248,n498
e498,n249,n499
e499,n249,n500
e500,n250,n501
e501,n250,n502
e502,n251,n503
e503,n251,n504
e504,n252,n505
e505,n252,n506
e506,n253,n507
e507,n253,n508
e508,n254,n509
e509,n254,n510
e510,n255,n511
e511,n255,n512
e512,n256,n513
e513,n256,n514
e514,n257,n515
e515,n257,n516
e516,n258,n517
e517,n258,n518
e518,n259,n519
e519,n259,n520
e520,n260,n521
e521,n260,n522
e522,n261,n523
e523,n261,n524
e524,n262,n525
e525,n262,n526
e526,n263,n527
e527,n263,n528
e528,n264,n529
e529,n264,n530
e530,n265,n531
e531,n265,n532
e532,n266,n533
e533,n266,n534
e534,n267,n535
e535,n267,n536
e536,n268,n537
e537,n268,n538
e538,n269,n539
e539,n269,n540
e540,n270,n541
e541,n270,n542
e542,n271,n543
e543,n271,n544
e544,n272,n545
e545,n272,n546
e546,n273,n547
e547,n273,n548
e548,n274,n549
e549,n274,n550
e550,n275,n551
e551,n275,n552
e552,n276,n553
e553,n276,n554
e554,n277,n555
e555,n277,n556
e556,n278,n557
e557,n278,n558
e558,n279,n559
e559,n279,n560
e560,n280,n561
e561,n280,n562
e562,n281,n563
e563,n281,n564
e564,n282,n565
e565,n282,n566
e566,n283,n567
e567,n283,n568
e568,n284,n569
e569,n284,n570
e570,n285,n571
e571,n285,n572
e572,n286,n573
e573,n286,n574
e574,n287,n575
e575,n287,n576
e576,n288,n577
e577,n288,n578
e578,n289,n579
e579,n289,n580
e580,n290,n581
e581,n290,n582
e582,n291,n583
e583,n291,n584
e584,n292,n585
e585,n292,n586
e586,n293,n587
e587,n293,n588
e588,n294,n589
e589,n294,n590
e590,n295,n591
e591,n295,n592
e592,n296,n593
e593,n296,n594
e594,n297,n595
e595,n297,n596
e596,n298,n597
e597,n298,n598
e598,n299,n599
e599,n299,n600
e600,n300,n601
e601,n300,n602
e602,n301,n603
e603,n301,n604
e604,n302,n605
e605,n302,n606
e606,n303,n607
e607,n303,n608
e608,n304,n609
e609,n304,n610
e610,n305,n611
e611,n305,n612
e612,n306,n613
e613,n306,n614
e614,n307,n615
e615,n307,n616
e616,n308,n617
e617,n308,n618
e618,n309,n619
e619,n309,n620
e620,n310,n621
e621,n310,n622
e622,n311,n623
e623,n311,n624
e624,n312,n625
e625,n312,n626
e626,n313,n627
e627,n313,n628
e628,n314,n629
e629,n314,n630
e630,n315,n631
e631,n315,n632
e632,n316,n633
e633,n316,n634
e634,n317,n635
e635,n317,n636
e636,n318,n637
e637,n318,n638
e638,n319,n639
e639,n319,n640
e640,n320,n641
e641,n320,n642
e642,n321,n643
e643,n321,n644
e644,n322,n645
e645,n322,n646
e646,n323,n647
e647,n323,n648
e648,n324,n649
e649,n324,n650
e650,n325,n651
e651,n325,n652
e652,n326,n653
e653,n326,n654
e654,n327,n655
e655,n327,n656
e656,n328,n657
e657,n328,n658
e658,n329,n659
e659,n329,n660
e660,n330,n661
e661,n330,n662
e662,n331,n663
e663,n331,n664
e664,n332,n665
e665,n332,n666
e666,n333,n667
e667,n333,n668
e668,n334,n669
e669,n334,n670
e670,n335,n671
e671,n335,n672
e672,n336,n673
e673,n336,n674
e674,n337,n675
e675,n337,n676
e676,n338,n677
e677,n338,n678
e678,n339,n679
e679,n339,n680
e680,n340,n681
e681,n340,n682
e682,n341,n683
e683,n341,n684
e684,n342,n685
e685,n342,n686
e686,n343,n687
e687,n343,n688
e688,n344,n689
e689,n344,n690
e690,n345,n691
e691,n345,n692
e692,n346,n693
e693,n346,n694
e694,n347,n695
e695,n347,n696
e696,n348,n697
e697,n348,n698
e698,n349,n699
e699,n349,n700
e700,n350,n701
e701,n350,n702
e702,n351,n703
e703,n351,n704
e704,n352,n705
e705,n352,n706
e706,n353,n707
e707,n353,n708
e708,n354,n709
e709,n354,n710
e710,n355,n711
e711,n355,n712
e712,n356,n713
e713,n356,n714
e714,n357,n715
e715,n357,n716
e716,n358,n717
e717,n358,n718
e718,n359,n719
e719,n359,n720
e720,n360,n721
e721,n360,n722
e722,n361,n723
e723,n361,n724
e724,n362,n725
e725,n362,n726
e726,n363,n727
e727,n363,n728
e728,n364,n729
e729,n364,n730
e730,n365,n731
e731,n365,n732
e732,n366,n733
e733,n366,n734
e734,n367,n735
e735,n367,n736
e736,n368,n737
e737,n368,n738
e738,n369,n739
e739,n369,n740
e740,n370,n741
e741,n370,n742
e742,n371,n743
e743,n371,n744
e744,n372,n745
e745,n372,n746
e746,n373,n747
e747,n373,n748
e748,n374,n749
e749,n374,n750
e750,n375,n751
e751,n375,n752
e752,n376,n753
e753,n376,n754
e754,n377,n755
e755,n377,n756
e756,n378,n757
e757,n378,n758
e758,n379,n759
e759,n379,n760
e760,n380,n761
e761,n380,n762
e762,n381,n763
e763,n381,n764
e764,n382,n765
e765,n382,n766
e766,n383,n767
e767,n383,n768
e768,n384,n769
e769,n384,n770
e770,n385,n771
e771,n385,n772
e772,n386,n773
e773,n386,n774
e774,n387,n775
e775,n387,n776
e776,n388,n777
e777,n388,n778
e778,n389,n779
e779,n389,n780
e780,n390,n781
e781,n390,n782
e782,n391,n783
e783,n391,n784
e784,n392,n785
e785,n392,n786
e786,n393,n787
e787,n393,n788
e788,n394,n789
e789,n394,n790
e790,n395,n791
e791,n395,n792
e792,n396,n793
e793,n396,n794
e794,n397,n795
e795,n397,n796
e796,n398,n797
e797,n398,n798
e798,n399,n799
e799,n399,n800
e800,n400,n801
e801,n400,n802
e802,n401,n803
e803,n401,n804
e804,n402,n805
e805,n402,n806
e806,n403,n807
e807,n403,n808
e808,n404,n809
e809,n404,n810
e810,n405,n811
e811,n405,n812
e812,n406,n813
e813,n406,n814
e814,n407,n815
e815,n407,n816
e816,n408,n817
e817,n408,n818
e818,n409,n819
e819,n409,n820
e820,n410,n821
e821,n410,n822
e822,n411,n823
e823,n411,n824
e824,n412,n825
e825,n412,n826
e826,n413,n827
e827,n413,n828
e828,n414,n829
e829,n414,n830
e830,n415,n831
e831,n415,n832
e832,n416,n833
e833,n416,n834
e834,n417,n835
e835,n417,n836
e836,n418,n837
e837,n418,n838
e838,n419,n839
e839,n419,n840
e840,n420,n841
e841,n420,n842
e842,n421,n843
e843,n421,n844
e844,n422,n845
e845,n422,n846
e846,n423,n847
e847,n423,n848
e848,n424,n849
e849,n424,n850
e850,n425,n851
e851,n425,n852
e852,n426,n853
e853,n426,n854
e854,n427,n855
e855,n427,n856
e856,n428,n857
e857,n428,n858
e858,n429,n859
e859,n429,n860
e860,n430,n861
e861,n430,n862
e862,n431,n863
e863,n431,n864
e864,n432,n865
e865,n432,n866
e866,n433,n867
e867,n433,n868
e868,n434,n869
e869,n434,n870
e870,n435,n871
e871,n435,n872
e872,n436,n873
e873,n436,n874
e874,n437,n875
e875,n437,n876
e876,n438,n877
e877,n438,n878
e878,n439,n879
e879,n439,n880
e880,n440,n881
e881,n440,n882
e882,n441,n883
e883,n441,n884
e884,n442,n885
e885,n442,n886
e886,n443,n887
e887,n443,n888
e888,n444,n889
e889,n444,n890
e890,n445,n891
e891,n445,n892
e892,n446,n893
e893,n446,n894
e894,n447,n895
e895,n447,n896
e896,n448,n897
e897,n448,n898
e898,n449,n899
e899,n449,n900
e900,n450,n901
e901,n450,n902
e902,n451,n903
e903,n451,n904
e904,n452,n905
e905,n452,n906
e906,n453,n907
e907,n453,n908
e908,n454,n909
e909,n454,n910
e910,n455,n911
e911,n455,n912
e912,n456,n913
e913,n456,n914
e914,n457,n915
e915,n457,n916
e916,n458,n917
e917,n458,n918
e918,n459,n919
e919,n459,n920
e920,n460,n921
e921,n460,n922
e922,n461,n923
e923,n461,n924
e924,n462,n925
e925,n462,n926
e926,n463,n927
e927,n463,n928
e928,n464,n929
e929,n464,n930
e930,n465,n931
e931,n465,n932
e932,n466,n933
e933,n466,n934
e934,n467,n935
e935,n467,n936
e936,n468,n937
e937,n468,n938
e938,n469,n939
e939,n469,n940
e940,n470,n941
e941,n470,n942
e942,n471,n943
e943,n471,n944
e944,n472,n945
e945,n472,n946
e946,n473,n947
e947,n473,n948
e948,n474,n949
e949,n474,n950
e950,n475,n951
e951,n475,n952
e952,n476,n953
e953,n476,n954
e954,n477,n955
e955,n477,n956
e956,n478,n957
e957,n478,n958
e958,n479,n959
e959,n479,n960
e960,n480,n961
e961,n480,n962
e962,n481,n963
e963,n481,n964
e964,n482,n965
e965,n482,n966
e966,n483,n967
e967,n483,n968
e968,n484,n969
e969,n484,n970
e970,n485,n971
e971,n485,n972
e972,n486,n973
e973,n486,n974
e974,n487,n975
e975,n487,n976
e976,n488,n977
e977,n488,n978
e978,n489,n979
e979,n489,n980
e980,n490,n981
e981,n490,n982
e982,n491,n983
e983,n491,n984
e984,n492,n985
e985,n492,n986
e986,n493,n987
e987,n493,n988
e988,n494,n989
e989,n494,n990
e990,n495,n991
e991,n495,n992
e992,n496,n993
e993,n496,n994
e994,n497,n995
e995,n497,n996
e996,n498,n997
e997,n498,n998
e998,n499,n999
e999,n499,n1000
e1000,n500,n1001
e1001,n500,n1002
e1002,n501,n1003
e1003,n501,n1004
e1004,n502,n1005
e1005,n502,n1006
e1006,n503,n1007
e1007,n503,n1008
e1008,n504,n1009
e1009,n504,n1010
e1010,n505,n1011
e1011,n505,n1012
e1012,n506,n1013
e1013,n506,n1014
e1014,n507,n1015
e1015,n507,n1016
e1016,n508,n1017
e1017,n508,n1018
e1018,n509,n1019
e1019,n509,n1020
e1020,n510,n1021
e1021,n510,n1022
