period,resource,kind,capacity,full_demand_load,headroom_xi,critical
11,source,source,252091.048109,240086.71248522666,1.0499999999979674,False
12,source,source,583596.934283,555806.604078837,1.050000000000398,False
13,source,source,684383.597519,651793.9023988054,1.0500000000003902,False
14,source,source,712380.701787,678457.8112252654,1.0500000000006946,False
15,source,source,748483.217464,712841.1594891507,1.0500000000005496,False
16,source,source,767872.891953,731307.5161458316,1.0499999999998315,False
17,source,source,908301.880912,865049.4103920248,1.0500000000004324,False
18,source,source,883834.313779,1039805.0750341734,0.8499999999999543,True
19,source,source,991907.52325,1166950.0273528458,0.8500000000000696,True
20,source,source,872138.917188,1026045.7849268068,0.8500000000002088,True
21,source,source,694615.650741,817194.8832246873,0.8500000000000193,True
22,source,source,1093087.586168,1285985.3954915367,0.8500000000001506,True
23,source,source,1012781.81834,1191508.0215769606,0.8499999999996504,True
24,source,source,906606.202055,1066595.5318295355,0.8499999999999013,True
25,source,source,90680.435623,100756.03958135142,0.8999999999978535,True
26,source,source,52518.253762,58353.615291004615,0.9000000000016425,True
11,K1,edge,6048000.0,240086.71248522666,25.1908984774497,False
11,K3,edge,2592000.0,13248.529411764706,195.64435564435564,False
11,K2,edge,6048000.0,214833.8474492006,28.15198848696365,False
11,K5,edge,86932.180615,12992.64706235294,6.690875246422399,False
11,K6,edge,3930.882353,4367.64705882353,0.900000000013468,True
11,K4,edge,6048000.0,186731.8609555641,32.388688084885636,False
11,K8,edge,46140.063039,7203.4313741176475,6.405289457574894,False
11,K7,edge,6048000.0,170191.83653366825,35.53636956496179,False
11,K11,edge,87551.520426,20580.88235882353,4.254021712944903,False
11,K9,edge,6048000.0,141101.36234816132,42.86280372741427,False
11,K12,edge,42906.161145,8907.35294117647,4.816937358197127,False
11,K10,edge,6048000.0,123727.92766609516,48.88144587955721,False
11,K14,edge,1728000.0,1000.0000023529411,1727.9999959341176,False
11,K13,edge,6048000.0,116541.53128043746,51.89566271826747,False
11,K16,edge,1728000.0,14990.625,115.27204502814259,False
11,K15,edge,6048000.0,89896.75315239372,67.27717951890187,False
11,K19,edge,1728000.0,4845.8333425,356.59501222312207,False
11,K20,edge,1728000.0,2339.0625,738.7575150300602,False
11,K21,edge,1728000.0,7063.235294117647,244.6470955652717,False
11,K22,edge,1728000.0,4715.625,366.441351888668,False
11,K23,edge,1728000.0,6617.64705882353,261.12,False
11,K17,edge,6048000.0,59820.512299332855,101.10244408701679,False
11,K25,edge,1728000.0,3203.508777894737,539.4085422595898,False
11,K24,edge,6048000.0,51831.36253749149,116.68610863982717,False
11,K26,edge,6048000.0,48203.16715986709,125.46893402131954,False
11,K27,edge,6048000.0,38306.24409599138,157.88548688940514,False
11,K28,edge,6048000.0,27613.70220325577,219.02170000540227,False
11,K29,edge,6048000.0,5303.6053130929795,1140.356350626118,False
11,K32,edge,1728000.0,7486.764705882353,230.8073070123748,False
11,K33,edge,1728000.0,7244.979924096386,238.5099776816181,False
11,K34,edge,1728000.0,20929.41178,82.56323771369746,False
11,K35,edge,1728000.0,4932.35294117647,350.33989266547405,False
12,K1,edge,6048000.0,555806.604078837,10.881482795663466,False
12,K3,edge,2592000.0,28882.058823529413,89.74429474841902,False
12,K2,edge,6048000.0,499134.2150513657,12.116981400238416,False
12,K5,edge,27058.499997,30064.99999647059,0.9000000000058697,True
12,K6,edge,29366.500423,11586.764705882353,2.534486646483056,False
12,K4,edge,6048000.0,432525.73959644453,13.98298285240298,False
12,K8,edge,46140.063039,16761.274508235296,2.7527777208308395,False
12,K7,edge,6048000.0,394138.178108387,15.344872270498026,False
12,K11,edge,87551.520426,41897.058817647056,2.0896817795029388,False
12,K9,edge,6048000.0,332534.2103853206,18.187602391320706,False
12,K12,edge,42906.161145,20341.764705882353,2.1092644500303637,False
12,K10,edge,6048000.0,292240.393056319,20.69529108125194,False
12,K14,edge,1728000.0,3617.6470564705883,477.6585368960381,False
12,K13,edge,6048000.0,274010.72634703247,22.072128637549227,False
12,K16,edge,1728000.0,31674.375,54.55514118273841,False
12,K15,edge,6048000.0,214935.27871232922,28.138703130697696,False
12,K19,edge,1728000.0,9691.6666575,178.2975066174783,False
12,K20,edge,1728000.0,6061.25,285.08970921839557,False
12,K21,edge,1728000.0,16997.058823529413,101.66464786295207,False
12,K22,edge,1728000.0,10087.5,171.3011152416357,False
12,K23,edge,1728000.0,15977.64705882353,108.15109343936382,False
12,K17,edge,6048000.0,145373.39223685983,41.60321161210761,False
12,K25,edge,1728000.0,6407.017537894737,269.7042718830763,False
12,K24,edge,6048000.0,127336.50332001629,47.496199772349975,False
12,K26,edge,6048000.0,111509.7127934975,54.23742783016726,False
12,K27,edge,6048000.0,89175.99185970498,67.82094455999929,False
12,K28,edge,6048000.0,62378.867456186956,96.95591226063752,False
12,K29,edge,6048000.0,12343.453510436433,489.9763259031514,False
12,K31,edge,1728000.0,6913.235294117647,249.95532865347798,False
12,K32,edge,1728000.0,16758.235294117647,103.11348239671452,False
12,K33,edge,1728000.0,18771.28513614458,92.05549793033045,False
12,K34,edge,1728000.0,46916.47057294118,36.831415042473694,False
12,K35,edge,1728000.0,11479.411764705883,150.53036126056878,False
13,K1,edge,6048000.0,651793.9023988054,9.279006719365537,False
13,K3,edge,2592000.0,31267.058823529413,82.89874703691162,False
13,K2,edge,6048000.0,587937.1484553358,10.286813847176818,False
13,K5,edge,86932.180615,36596.47058470588,2.375425258940955,False
13,K6,edge,29366.500423,15266.470588235294,1.9235946025160868,False
13,K4,edge,6048000.0,506677.3498596278,11.936590419278788,False
13,K8,edge,18334.941175,20372.15686117647,0.8999999999971126,True
13,K7,edge,6048000.0,460971.3255054699,13.120121936799807,False
13,K11,edge,87551.520426,42632.35293529412,2.053640355222303,False
13,K9,edge,6048000.0,395290.4062949023,15.300143650559413,False
13,K12,edge,42906.161145,22868.823529411766,1.8761857639864188,False
13,K10,edge,6048000.0,348704.15838779643,17.344215302629042,False
13,K14,edge,1728000.0,6458.823527058824,267.5409837040222,False
13,K13,edge,6048000.0,324810.1269413478,18.6201090986677,False
13,K16,edge,1728000.0,35952.5,48.06341700855295,False
13,K15,edge,6048000.0,256376.61424721297,23.59029515136733,False
13,K19,edge,1728000.0,9691.6666575,178.2975066174783,False
13,K20,edge,1728000.0,9059.375,190.74163504656778,False
13,K21,edge,1728000.0,20879.41176470588,82.76095224679533,False
13,K22,edge,1728000.0,11278.75,153.2084672503602,False
13,K23,edge,1728000.0,18960.0,91.13924050632912,False
13,K17,edge,6048000.0,173688.58011264645,34.82094214874429,False
13,K25,edge,1728000.0,6407.017537894737,269.7042718830763,False
13,K24,edge,6048000.0,153386.47616574,39.429812530962,False
13,K26,edge,6048000.0,128822.95224590291,46.94815554650007,False
13,K27,edge,6048000.0,102994.15757478423,58.72177745236216,False
13,K28,edge,6048000.0,70672.07295570425,85.57835856591836,False
13,K29,edge,6048000.0,14818.469323213156,408.13932047123103,False
13,K31,edge,1728000.0,13826.470588235294,124.97766432673899,False
13,K32,edge,1728000.0,19387.647058823528,89.12891774629085,False
13,K33,edge,1728000.0,23052.610437349398,74.95897285455914,False
13,K34,edge,1728000.0,52319.99998470588,33.027522945434384,False
13,K35,edge,1728000.0,13781.176470588236,125.38842410790507,False
14,K1,edge,6048000.0,678457.8112252654,8.914334686599855,False
14,K3,edge,2592000.0,31596.397063529414,82.0346698007493,False
14,K2,edge,6048000.0,612938.5236004727,9.86722120918969,False
14,K5,edge,86932.180615,37431.25377882353,2.3224490723359437,False
14,K6,edge,29366.500423,15646.004907058823,1.8769328398811291,False
14,K4,edge,6048000.0,529214.3387345667,11.42826177851058,False
14,K8,edge,46140.063039,20821.167047058825,2.216017139419555,False
14,K7,edge,6048000.0,481932.45475077955,12.549476467874706,False
14,K11,edge,87551.520426,43269.57013647059,2.023397046697386,False
14,K9,edge,6048000.0,414566.26187677,14.588741429706044,False
14,K12,edge,21241.886882,23602.096535294117,0.9000000000099692,True
14,K10,edge,6048000.0,366090.1896288697,16.520519181711112,False
14,K14,edge,1728000.0,6894.532430588235,250.63338484471652,False
14,K13,edge,6048000.0,340891.147716838,17.741733807132434,False
14,K16,edge,1728000.0,36699.6193925,47.08495697241855,False
14,K15,edge,6048000.0,270102.41355265415,22.391506689817096,False
14,K18,edge,1728000.0,3798.0769175,454.9670892756479,False
14,K19,edge,1728000.0,10437.1794875,165.5619702688379,False
14,K20,edge,1728000.0,9321.56250125,185.3766468623988,False
14,K21,edge,1728000.0,21728.092010588236,79.52838192870017,False
14,K22,edge,1728000.0,11442.8125,151.01182510855614,False
14,K23,edge,1728000.0,19387.254905882353,89.13072058879783,False
14,K17,edge,6048000.0,180482.31455230087,33.5102085487018,False
14,K25,edge,1728000.0,6899.865047368421,250.4396807962283,False
14,K24,edge,6048000.0,159143.86434074838,38.003350145189515,False
14,K26,edge,6048000.0,132449.0144251313,45.66285393855247,False
14,K27,edge,6048000.0,106220.19115093355,56.93832720942948,False
14,K28,edge,6048000.0,72782.04523771098,83.0974175051942,False
14,K29,edge,6048000.0,15077.271772296015,401.1335798239704,False
14,K31,edge,1728000.0,15554.779411764706,111.09125717932355,False
14,K32,edge,1728000.0,19606.372552941175,88.13461007812894,False
14,K33,edge,1728000.0,23878.328709638554,72.36687378805067,False
14,K34,edge,1728000.0,54065.67120352941,31.96113100112953,False
14,K35,edge,1728000.0,14021.862748235295,123.23612283378509,False
15,K1,edge,6652800.0,712841.1594891507,9.332794426135061,False
15,K3,edge,2851200.0,34186.46010117647,83.40143997248433,False
15,K2,edge,6652800.0,643012.6414135167,10.346297368859398,False
15,K5,edge,43807.902661,48675.44740117647,0.8999999999987915,True
15,K6,edge,32303.150466,16612.32844117647,1.9445287625021408,False
15,K4,edge,6652800.0,545574.233500488,12.194124266673327,False
15,K8,edge,50754.069343,24103.39664117647,2.1056812074483924,False
15,K7,edge,6652800.0,494192.1251842871,13.461970883326263,False
15,K11,edge,96306.672469,29345.281187058823,3.28184527710271,False
15,K9,edge,6652800.0,440137.2377380139,15.115285482752073,False
15,K12,edge,47196.777259,16943.68994352941,2.785507608808899,False
15,K10,edge,6652800.0,396785.31353020365,16.766749607766375,False
15,K14,edge,1900800.0,12643.433523529411,150.33890884644697,False
15,K13,edge,6652800.0,364302.6143301641,18.261741031511317,False
15,K16,edge,1900800.0,39668.7368525,47.91682697303249,False
15,K15,edge,6652800.0,288203.61604464764,23.083679834778227,False
15,K18,edge,1900800.0,4177.884625,454.96708756049003,False
15,K19,edge,1900800.0,17122.390105,111.01253904061778,False
15,K20,edge,1900800.0,15107.67857625,125.81681496640718,False
15,K21,edge,1900800.0,20283.835390588236,93.71008802812398,False
15,K22,edge,1900800.0,9817.8124975,193.60728273065087,False
15,K23,edge,1900800.0,22908.095245882352,82.97503479001215,False
15,K17,edge,6652800.0,184375.73880219468,36.0828384646495,False
15,K25,edge,1900800.0,16252.284551578947,116.95586512576368,False
15,K24,edge,6652800.0,153373.39514644016,43.376492993768174,False
15,K26,edge,6652800.0,123625.86042736583,53.81398339313265,False
15,K27,edge,6652800.0,94455.63181776225,70.43306864788713,False
15,K28,edge,6652800.0,64744.02871440461,102.75542211539654,False
15,K29,edge,6652800.0,10695.325443390258,622.0287578169441,False
15,K31,edge,1900800.0,19011.397058823528,99.98213146139119,False
15,K32,edge,1900800.0,22988.935588235294,82.68325398122148,False
15,K33,edge,1900800.0,21210.596239759037,89.6155854608637,False
15,K34,edge,1900800.0,50811.50183529412,37.40885294360041,False
15,K35,edge,1900800.0,9946.65266235294,191.09946476711033,False
16,K1,edge,6048000.0,731307.5161458316,8.270118748231155,False
16,K3,edge,2592000.0,34540.44818705882,75.04245416743427,False
16,K2,edge,6048000.0,660201.6921514812,9.160836865307981,False
16,K5,edge,51005.010997,56672.23444117647,0.8999999999989621,True
16,K6,edge,29366.500423,19448.627448235293,1.5099523347425023,False
16,K4,edge,6048000.0,551070.7456544954,10.974997398595193,False
16,K8,edge,46140.063039,26251.738852941176,1.7576002602140235,False
16,K7,edge,6048000.0,497265.4695188294,12.162517549936144,False
16,K11,edge,87551.520426,12834.518432941177,6.8215664563844935,False
16,K9,edge,6048000.0,459567.6776099468,13.160194449386792,False
16,K12,edge,42906.161145,13635.54406,3.146640937552733,False
16,K10,edge,6048000.0,418358.07289335,14.456515582864796,False
16,K14,edge,1728000.0,17243.26654705882,100.21303070877508,False
16,K13,edge,6048000.0,380196.9027016237,15.907546739659885,False
16,K16,edge,1728000.0,38378.07235625,45.025711139412905,False
16,K15,edge,6048000.0,303799.1400752113,19.907890451904183,False
16,K18,edge,1728000.0,5849.03845875,295.43317456136054,False
16,K19,edge,1728000.0,19218.4066125,89.91380164035438,False
16,K20,edge,1728000.0,18943.63095875,91.2179932011314,False
16,K21,edge,1728000.0,20364.94936235294,84.85167182366855,False
16,K22,edge,1728000.0,7150.000005,241.67832150931585,False
16,K23,edge,1728000.0,26005.714291764707,66.4469347241583,False
16,K17,edge,6048000.0,191077.4433823331,31.65208772392019,False
16,K25,edge,1728000.0,20926.547157894736,82.57453974427385,False
16,K24,edge,6048000.0,154864.7007538517,39.05344452647695,False
16,K26,edge,6048000.0,121901.81875990561,49.61369782276974,False
16,K27,edge,6048000.0,90634.51493249855,66.72954563175342,False
16,K28,edge,6048000.0,59150.47006929658,102.24770814018187,False
16,K29,edge,6048000.0,7901.268032890575,765.4467580170696,False
16,K31,edge,1728000.0,22122.352941176472,78.11104020421187,False
16,K32,edge,1728000.0,25172.212889411763,68.64712322240258,False
16,K33,edge,1728000.0,23326.938519277108,74.07744477793351,False
16,K34,edge,1728000.0,48291.67853294118,35.782562389528046,False
16,K35,edge,1728000.0,7348.179270588235,235.16029432168037,False
17,K1,edge,6048000.0,865049.4103920248,6.991508146637722,False
17,K3,edge,2592000.0,39009.635834117646,66.4451216879356,False
17,K2,edge,6048000.0,782787.3040383059,7.726236704145676,False
17,K5,edge,86932.180615,67835.57420588235,1.2815131534253554,False
17,K6,edge,29366.500423,19841.96078235294,1.4800200819426073,False
17,K4,edge,6048000.0,655970.4038481553,9.2199281621858,False
17,K8,edge,27946.386545,31051.540605882354,0.899999999990528,True
17,K7,edge,6048000.0,592120.3430498652,10.214139863609905,False
17,K11,edge,87551.520426,19146.218490588235,4.5727839400264845,False
17,K9,edge,6048000.0,543368.1074067837,11.130575971534272,False
17,K12,edge,42906.161145,11525.826334117646,3.722610414317392,False
17,K10,edge,6048000.0,499240.19462825905,12.114409186350514,False
17,K14,edge,1728000.0,21232.49299764706,81.38469656820295,False
17,K13,edge,6048000.0,453045.69189919904,13.349646863755316,False
17,K16,edge,1728000.0,47375.23807125,36.47475074217409,False
17,K15,edge,6048000.0,360365.88463802915,16.78294271966098,False
17,K18,edge,1728000.0,7900.0,218.73417721518987,False
17,K19,edge,1728000.0,29026.19048,59.532441957571,False
17,K20,edge,1728000.0,23531.19046625,73.43444873638725,False
17,K21,edge,1728000.0,21742.633050588236,79.47519493059971,False
17,K22,edge,1728000.0,9086.2499975,190.17746600362565,False
17,K23,edge,1728000.0,28412.268898823528,60.818796490819906,False
17,K17,edge,6048000.0,222649.05751296593,27.163824844162193,False
17,K25,edge,1728000.0,29054.636588421054,59.47415637918005,False
17,K24,edge,6048000.0,175782.4963235076,34.40615605361155,False
17,K26,edge,6048000.0,135824.78040439147,44.52795713707965,False
17,K27,edge,6048000.0,100325.67025005425,60.28367400811588,False
17,K28,edge,6048000.0,68876.2795926096,87.80962089957234,False
17,K29,edge,6048000.0,7643.8661518026565,791.2226456992182,False
17,K31,edge,1728000.0,27652.941176470587,62.488832163369494,False
17,K32,edge,1728000.0,28707.871134117646,60.19255109259466,False
17,K33,edge,1728000.0,22420.080334939757,77.07376486546576,False
17,K34,edge,1728000.0,57788.59946117647,29.902091694762472,False
17,K35,edge,1728000.0,7108.79552117647,243.0791538246446,False
18,K1,edge,6048000.0,1039805.0750341734,5.816474784758317,False
18,K3,edge,2592000.0,47096.47059294118,55.03597121752239,False
18,K2,edge,6048000.0,940718.3506895236,6.429129394113513,False
18,K5,edge,86932.180615,79512.5490317647,1.0933139696008387,False
18,K6,edge,29366.500423,23725.49020117647,1.2377615878108943,False
18,K4,edge,6048000.0,790444.3939221062,7.651392111202696,False
18,K8,edge,46140.063039,37979.21569058824,1.2148766687257877,False
18,K7,edge,6048000.0,712942.9585354127,8.483147112392146,False
18,K11,edge,87551.520426,22823.52941764706,3.8360202238618504,False
18,K9,edge,6048000.0,654472.281190995,9.241033079344438,False
18,K12,edge,42906.161145,11979.607848235295,3.5815998059836716,False
18,K10,edge,6048000.0,603224.3364713,10.026120688994698,False
18,K14,edge,1728000.0,25945.09804352941,66.60217653064353,False
18,K13,edge,6048000.0,547118.0216042056,11.05428766953545,False
18,K16,edge,1728000.0,57007.08333625,30.31202262721603,False
18,K15,edge,6048000.0,435399.13610753504,13.890702802189903,False
18,K18,edge,1728000.0,7900.0,218.73417721518987,False
18,K19,edge,1728000.0,30633.3333425,56.40914035308758,False
18,K20,edge,1728000.0,30076.25000125,57.45397115425568,False
18,K21,edge,1728000.0,26856.078436470587,64.34297561677411,False
18,K22,edge,1728000.0,12721.25,135.8357079689496,False
18,K23,edge,1728000.0,35529.01961176471,48.636298408521476,False
18,K17,edge,6048000.0,269913.24791017297,22.407199523651286,False
18,K25,edge,1728000.0,31761.40351473684,54.4056561983551,False
18,K24,edge,6048000.0,216558.7845626223,27.92775186753553,False
18,K26,edge,6048000.0,146093.78729029757,41.398064299491686,False
18,K27,edge,6048000.0,104888.90184342975,57.661009827598335,False
18,K28,edge,6048000.0,73028.82034258131,82.81661913239971,False
18,K29,edge,6048000.0,9752.477338393423,620.1501208508647,False
18,K31,edge,1728000.0,55305.882352941175,31.244416081684747,False
18,K32,edge,1728000.0,33900.196082352944,50.9731564915498,False
18,K33,edge,1728000.0,22420.080334939757,77.07376486546576,False
18,K34,edge,1728000.0,59624.90198705882,28.981179715398955,False
18,K35,edge,1728000.0,9069.803924705882,190.52231055326104,False
19,K1,edge,6048000.0,1166950.0273528458,5.182741212765997,False
19,K3,edge,2592000.0,57332.25491411765,45.21015271216446,False
19,K2,edge,6048000.0,1051270.2710710857,5.753040075829407,False
19,K5,edge,86932.180615,82008.23532117647,1.0600420832680941,False
19,K6,edge,29366.500423,21760.000004705882,1.3495634382651247,False
19,K4,edge,6048000.0,894938.5221916491,6.758006108831724,False
19,K8,edge,46140.063039,40195.68628588235,1.1478859375814525,False
19,K7,edge,6048000.0,809995.9097961843,7.466704370793467,False
19,K11,edge,87551.520426,28611.764711764707,3.0599832379440826,False
19,K9,edge,6048000.0,740884.3495946104,8.163217381105815,False
19,K12,edge,42906.161145,9261.960783529412,4.63251380002604,False
19,K10,edge,6048000.0,687169.3278354043,8.801324149684195,False
19,K14,edge,1728000.0,32300.000002352943,53.49845200848673,False
19,K13,edge,6048000.0,620510.8614412812,9.746807631943959,False
19,K16,edge,1728000.0,65724.375015,26.291615547589853,False
19,K15,edge,6048000.0,492735.40028215304,12.27433627974925,False
19,K18,edge,1728000.0,8558.33332625,201.9084714426701,False
19,K19,edge,1728000.0,38133.3333425,45.31468530379236,False
19,K20,edge,1728000.0,35473.8541725,48.7119327828657,False
19,K21,edge,1728000.0,26431.176475294116,65.3773395828674,False
19,K22,edge,1728000.0,18420.0,93.81107491856677,False
19,K23,edge,1728000.0,44022.549024705884,39.25261117956231,False
19,K17,edge,6048000.0,297059.3839267954,20.359565552355733,False
19,K25,edge,1728000.0,44392.98246210526,38.925071129768206,False
19,K24,edge,6048000.0,228901.6507505465,26.421827803203644,False
19,K26,edge,6048000.0,135450.2999038906,44.6510639274434,False
19,K27,edge,6048000.0,91720.92215340196,65.93915388121377,False
19,K28,edge,6048000.0,69370.75803068011,87.18370927019701,False
19,K29,edge,6048000.0,8262.80834914611,731.954529796762,False
19,K31,edge,1728000.0,77428.23529411765,22.31744005834625,False
19,K32,edge,1728000.0,36956.86275529412,46.75721560679449,False
19,K33,edge,1728000.0,14095.281128915663,122.59422030647596,False
19,K34,edge,1728000.0,57639.41178,29.97948706686125,False
19,K35,edge,1728000.0,7684.411764705882,224.8708232862556,False
20,K1,edge,6652800.0,1026045.7849268068,6.483921183375437,False
20,K3,edge,2851200.0,49295.51470235294,57.83893356658488,False
20,K2,edge,6652800.0,925447.9809781135,7.188734684977757,False
20,K5,edge,95625.398677,73095.02825647058,1.3082339655369783,False
20,K6,edge,32303.150466,22187.654595294116,1.4559064964374975,False
20,K4,edge,6652800.0,783892.899077443,8.486873663263978,False
20,K8,edge,50754.069343,36603.785811764705,1.3865797817745753,False
20,K7,edge,6652800.0,708094.4683118062,9.39535654876839,False
20,K11,edge,96306.672469,21441.779790588236,4.491542838774668,False
20,K9,edge,6652800.0,651247.9651056277,10.215463781020743,False
20,K12,edge,47196.777259,11494.509805882353,4.106027839033805,False
20,K10,edge,6652800.0,600678.5773934077,11.075474056140383,False
20,K14,edge,1900800.0,25067.873305882353,75.82613717590331,False
20,K13,edge,6652800.0,545576.7752178549,12.194067457038402,False
20,K16,edge,1900800.0,56212.11336875,33.81477560772002,False
20,K15,edge,6652800.0,434806.9843273194,15.300582188881819,False
20,K18,edge,1900800.0,17363.54167375,109.47075404976897,False
20,K19,edge,1900800.0,24800.9615425,76.64218972892269,False
20,K20,edge,1900800.0,30166.243985,63.01082763055163,False
20,K21,edge,1900800.0,27199.884987058824,69.88264843415197,False
20,K22,edge,1900800.0,14531.08974625,130.80918452730185,False
20,K23,edge,1900800.0,38108.759428235295,49.87829644729058,False
20,K17,edge,6652800.0,260896.15374815936,25.499800991400917,False
20,K25,edge,1900800.0,29184.61539368421,65.1302055675316,False
20,K24,edge,6652800.0,210839.8460546224,31.553807899653158,False
20,K26,edge,6652800.0,118652.82153668118,56.069463109592434,False
20,K27,edge,6652800.0,79957.49758690594,83.20420474351464,False
20,K28,edge,6652800.0,56996.30890287959,116.72334802129414,False
20,K29,edge,6652800.0,8967.790589500317,741.8549679102947,False
20,K31,edge,1900800.0,77428.23529411765,24.549184064180874,False
20,K32,edge,1900800.0,32762.682872941175,58.01722671405149,False
20,K33,edge,1900800.0,15765.013901204818,120.57077855508481,False
20,K34,edge,1900800.0,45178.7028682353,42.07292107397873,False
20,K35,edge,1900800.0,8340.045248235294,227.91243253772495,False
21,K1,edge,6048000.0,817194.8832246873,7.40092739706632,False
21,K3,edge,2592000.0,44113.56198352941,58.75744064756706,False
21,K2,edge,6048000.0,732221.5770799235,8.25979483439867,False
21,K5,edge,86932.180615,68809.21216941177,1.263379973032805,False
21,K6,edge,29366.500423,18690.3803,1.5712093575217407,False
21,K4,edge,6048000.0,608110.9057565156,9.945554244708099,False
21,K8,edge,46140.063039,31739.198442352943,1.4537248986549853,False
21,K7,edge,6048000.0,545966.1620263369,11.077609604142923,False
21,K11,edge,87551.520426,16829.655235294118,5.202217110329886,False
21,K9,edge,6048000.0,501838.1986897259,12.051693186750274,False
21,K12,edge,42906.161145,8848.131857647058,4.849177412282578,False
21,K10,edge,6048000.0,462879.77491069527,13.06602778478895,False
21,K14,edge,1728000.0,19254.68648,89.74438518097335,False
21,K13,edge,6048000.0,420481.0996851605,14.383524026474676,False
21,K16,edge,1728000.0,50061.89073125,34.51727401341107,False
21,K15,edge,6048000.0,328371.09898539446,18.418186066578922,False
21,K18,edge,1728000.0,3703.125,466.63291139240505,False
21,K19,edge,1728000.0,24602.48624375,70.23680382867728,False
21,K20,edge,1728000.0,24492.96502625,70.55087034779332,False
21,K21,edge,1728000.0,20396.41105882353,84.72078715301551,False
21,K22,edge,1728000.0,9620.62728625,179.6140676263068,False
21,K23,edge,1728000.0,30492.414874117647,56.66983107548981,False
21,K17,edge,6048000.0,198644.51454693355,30.44634790844448,False
21,K25,edge,1728000.0,27591.798705263158,62.627305253223035,False
21,K24,edge,6048000.0,155161.1546779157,38.97882825475531,False
21,K26,edge,6048000.0,111116.34443869692,54.42943637636219,False
21,K27,edge,6048000.0,74746.94421440913,80.91300672642232,False
21,K28,edge,6048000.0,52720.066797762905,114.71912627122539,False
21,K29,edge,6048000.0,5695.397263757116,1061.9101214390585,False
21,K31,edge,1728000.0,33183.529411764706,52.074026802807914,False
21,K32,edge,1728000.0,30813.58300235294,56.07916482377428,False
21,K33,edge,1728000.0,15299.652437349398,112.94374215858781,False
21,K34,edge,1728000.0,44388.66619411765,38.92885612834641,False
21,K35,edge,1728000.0,5296.719455294117,326.23966864487204,False
22,K1,edge,6048000.0,1285985.3954915367,4.703008308806103,False
22,K3,edge,2592000.0,78143.71208,33.16965538246286,False
22,K2,edge,6048000.0,1143542.41363696,5.2888287551702975,False
22,K5,edge,86932.180615,82792.55296705883,1.0499999999950265,False
22,K6,edge,29366.500423,27968.09564117647,1.049999999991587,False
22,K4,edge,6048000.0,975604.6443468767,6.19923248115415,False
22,K8,edge,46140.063039,43942.91718,1.05,False
22,K7,edge,6048000.0,882881.4949495329,6.8502964832734605,False
22,K11,edge,87551.520426,80493.9087682353,1.0876788289420205,False
22,K9,edge,6048000.0,758243.5114338209,7.976329383371012,False
22,K12,edge,42906.161145,40863.010614117644,1.0500000000043186,False
22,K10,edge,6048000.0,671885.890133674,9.001528516690133,False
22,K14,edge,1728000.0,13252.702077647058,130.38850416131865,False
22,K13,edge,6048000.0,625038.8935493432,9.67619785331414,False
22,K16,edge,1728000.0,86946.4730575,19.874296670518515,False
22,K15,edge,6048000.0,475588.5311369089,12.716875206267213,False
22,K18,edge,1728000.0,1899.03845875,909.9341785512958,False
22,K19,edge,1728000.0,18875.71118875,91.54621951568612,False
22,K20,edge,1728000.0,23265.88695,74.27182998497291,False
22,K21,edge,1728000.0,39257.180624705885,44.017424901688194,False
22,K22,edge,1728000.0,24546.95808125,70.39568790073093,False
22,K23,edge,1728000.0,44978.83145882353,38.418072323242114,False
22,K17,edge,6048000.0,298985.4978177841,20.228405873003037,False
22,K25,edge,1728000.0,20699.99628,83.47827587145827,False
22,K24,edge,6048000.0,254366.66171236135,23.776700764501513,False
22,K26,edge,6048000.0,218125.70129367252,27.72713148487396,False
22,K27,edge,6048000.0,160254.18169134183,37.740044822348366,False
22,K28,edge,6048000.0,114917.07023309698,52.62925679998872,False
22,K29,edge,6048000.0,24091.608944971536,251.04176370347213,False
22,K31,edge,1728000.0,18435.294098823528,93.73324834076145,False
22,K32,edge,1728000.0,46965.23453764706,36.79317301428241,False
22,K33,edge,1728000.0,30914.235106024098,55.89657949076261,False
22,K34,edge,1728000.0,85079.60777647058,20.31038982384556,False
22,K35,edge,1728000.0,22405.196318823528,77.12496580751832,False
23,K1,edge,6048000.0,1191508.0215769606,5.075920506179616,False
23,K3,edge,2592000.0,72747.96626588235,35.62986201602734,False
23,K2,edge,6048000.0,1059184.6542322303,5.710052516181898,False
23,K5,edge,86932.180615,78460.56567058823,1.1079729016991708,False
23,K6,edge,29366.500423,27065.896494117645,1.0850001007497518,False
23,K4,edge,6048000.0,900698.9593559129,6.714785153437844,False
23,K8,edge,46140.063039,41960.924762352945,1.0995959526706274,False
23,K7,edge,6048000.0,813703.0866257643,7.432686565169165,False
23,K11,edge,87551.520426,77703.79279294118,1.1267341950643293,False
23,K9,edge,6048000.0,695314.1395015349,8.698226681159918,False
23,K12,edge,42906.161145,39954.8011717647,1.0738674674051678,False
23,K10,edge,6048000.0,613640.4899596781,9.85593372496885,False
23,K14,edge,1728000.0,8747.081584705882,197.55160429981325,False
23,K13,edge,6048000.0,574211.3838769883,10.532706542954303,False
23,K16,edge,1728000.0,81474.60663125,21.209062202912396,False
23,K15,edge,6048000.0,435315.6388580395,13.8933671573704,False
23,K18,edge,1728000.0,3798.0769175,454.9670892756479,False
23,K19,edge,1728000.0,13396.88939125,128.9851658496651,False
23,K20,edge,1728000.0,20281.48333,85.20086878675062,False
23,K21,edge,1728000.0,38361.09680823529,45.045635911771846,False
23,K22,edge,1728000.0,22092.2018975,78.21764476068563,False
23,K23,edge,1728000.0,40277.31237882353,42.902564693182576,False
23,K17,edge,6048000.0,275342.7961918287,21.965346773722803,False
23,K25,edge,1728000.0,12967.25684,133.2587162667783,False
23,K24,edge,6048000.0,240348.1156564824,25.16350079750201,False
23,K26,edge,6048000.0,205664.55636523452,29.407108871299677,False
23,K27,edge,6048000.0,151143.70121167868,40.014899407086105,False
23,K28,edge,6048000.0,107312.45036407337,56.35879135628033,False
23,K29,edge,6048000.0,23696.897714104998,255.22328167032921,False
23,K31,edge,1728000.0,17859.19119529412,96.75690131226808,False
23,K32,edge,1728000.0,44237.62733529412,39.061769450310216,False
23,K33,edge,1728000.0,30228.31773855422,57.164940998223344,False
23,K34,edge,1728000.0,78249.9301317647,22.08308681030422,False
23,K35,edge,1728000.0,22038.114874117648,78.40961034418716,False
24,K1,edge,6048000.0,1066595.5318295355,5.670378151337125,False
24,K3,edge,2592000.0,63663.46064235294,40.71409210003954,False
24,K2,edge,6048000.0,949602.2945957059,6.368982082730689,False
24,K5,edge,86932.180615,63959.33920117647,1.3591788423824267,False
24,K6,edge,29366.500423,22256.20826,1.3194745519963067,False
24,K4,edge,6048000.0,815906.6324047442,7.412612864997264,False
24,K8,edge,46140.063039,36192.9966882353,1.2748340082598921,False
24,K7,edge,6048000.0,738918.3040962716,8.184937315089197,False
24,K11,edge,87551.520426,83382.40040588235,1.0499999999978835,False
24,K9,edge,6048000.0,618589.9884855757,9.777073849524527,False
24,K12,edge,42906.161145,38425.82106,1.116597120410366,False
24,K10,edge,6048000.0,543048.7681164411,11.137121295712397,False
24,K14,edge,1728000.0,4151.091083529412,416.27609831456414,False
24,K13,edge,6048000.0,511745.23862708965,11.81838059934974,False
24,K16,edge,1728000.0,73353.041195,23.55730548930242,False
24,K15,edge,6048000.0,387217.6735693807,15.619121782973922,False
24,K18,edge,1728000.0,4177.884625,413.6064432368091,False
24,K19,edge,1728000.0,10316.93549375,167.49159680670897,False
24,K20,edge,1728000.0,15178.316535,113.84661770726473,False
24,K21,edge,1728000.0,34990.72063411765,49.384521629860814,False
24,K22,edge,1728000.0,21884.12299,78.96135480455915,False
24,K23,edge,1728000.0,33108.36812941176,52.192243158760036,False
24,K17,edge,6048000.0,248200.44148363225,24.367402265071473,False
24,K25,edge,1728000.0,6820.373521052632,253.35855795377418,False
24,K24,edge,6048000.0,221524.03264388905,27.301778176467483,False
24,K26,edge,6048000.0,187005.95329999327,32.34121637987563,False
24,K27,edge,6048000.0,140348.11672675834,43.09284756399519,False
24,K28,edge,6048000.0,101710.95644062718,59.46262046538185,False
24,K29,edge,6048000.0,23887.647677419354,253.1852479437348,False
24,K31,edge,1728000.0,19011.397058823528,90.8928467830829,False
24,K32,edge,1728000.0,37307.53890823529,46.3177162195108,False
24,K33,edge,1728000.0,26005.829780722892,66.44663964081235,False
24,K34,edge,1728000.0,72737.76094117647,23.756573994591964,False
24,K35,edge,1728000.0,22215.51234,77.78348631143926,False
25,K1,edge,6652800.0,100756.03958135142,66.02879616589598,False
25,K3,edge,2851200.0,1111.764705882353,2564.5714285714284,False
25,K2,edge,6652800.0,94606.4728964015,70.32076977740336,False
25,K5,edge,95625.398677,3250.360536470588,29.419935912966462,False
25,K6,edge,975.176471,1083.5294117647059,0.9000000003800217,True
25,K4,edge,6652800.0,85542.25930334612,77.77208661754115,False
25,K8,edge,50754.069343,2240.5692611764707,22.652309938569015,False
25,K7,edge,6652800.0,79024.57707700235,84.18646762914587,False
25,K11,edge,96306.672469,4616.6983,20.860508140417146,False
25,K9,edge,6652800.0,70456.64992315223,94.42401827586573,False
25,K10,edge,6652800.0,66229.25092776309,100.4510832721976,False
25,K14,edge,1900800.0,2732.44782,695.639999449285,False
25,K13,edge,6652800.0,60185.34056137494,110.53854539903622,False
25,K16,edge,1900800.0,1102.5,1724.0816326530612,False
25,K15,edge,6652800.0,53064.306505237444,125.37241015942362,False
25,K19,edge,1900800.0,4689.51614125,405.3296636043432,False
25,K20,edge,1900800.0,1875.0,1013.76,False
25,K21,edge,1900800.0,1764.7058823529412,1077.12,False
25,K22,edge,1900800.0,1575.0,1206.857142857143,False
25,K23,edge,1900800.0,2117.6470588235293,897.6,False
25,K17,edge,6652800.0,38389.2220975491,173.2986405167282,False
25,K25,edge,1900800.0,3100.169787368421,613.1277092450778,False
25,K24,edge,6652800.0,32217.914542376755,206.49381235552855,False
25,K26,edge,6652800.0,13370.895818528028,497.55828556985887,False
25,K27,edge,6652800.0,12349.409851131039,538.7140017375563,False
25,K28,edge,6652800.0,9036.252892240087,736.2343749490582,False
25,K29,edge,6652800.0,1138.5199240986717,5843.376,False
25,K31,edge,1900800.0,16591.764705882353,114.56285896617742,False
25,K32,edge,1900800.0,352.94117647058823,5385.6,False
25,K33,edge,1900800.0,2201.7100722891564,863.3289296004832,False
25,K34,edge,1900800.0,7445.920323529412,255.28073326186347,False
25,K35,edge,1900800.0,1058.8235294117646,1795.2,False
26,K1,edge,6048000.0,58353.615291004615,103.64396395731659,False
26,K3,edge,2592000.0,1111.764705882353,2331.4285714285716,False
26,K2,edge,6048000.0,54324.16982057203,111.33165992183615,False
26,K5,edge,86932.180615,1337.6470588235295,64.98887732871592,False
26,K6,edge,975.176471,1083.5294117647059,0.9000000003800217,True
26,K4,edge,6048000.0,49186.784858955194,122.9598563383,False
26,K8,edge,46140.063039,1669.4117647058824,27.63851556247357,False
26,K7,edge,6048000.0,45058.03385130155,134.22689547349827,False
26,K11,edge,87551.520426,1764.7058823529412,49.6125282414,False
26,K9,edge,6048000.0,41040.426276383536,147.36689037463253,False
26,K10,edge,6048000.0,38578.00069980052,156.7732876325878,False
26,K14,edge,1728000.0,1764.7058823529412,979.2,False
26,K13,edge,6048000.0,34884.39478245755,173.37265094366435,False
26,K16,edge,1728000.0,1102.5,1567.3469387755101,False
26,K15,edge,6048000.0,30293.4553042118,199.64708347941828,False
26,K20,edge,1728000.0,1875.0,921.6,False
26,K21,edge,1728000.0,1764.7058823529412,979.2,False
26,K22,edge,1728000.0,1575.0,1097.142857142857,False
26,K23,edge,1728000.0,2117.6470588235293,816.0,False
26,K17,edge,6048000.0,21446.42959782474,282.00498234043744,False
26,K24,edge,6048000.0,19730.715229998757,306.5271547178668,False
26,K26,edge,6048000.0,1757.800458016493,3440.6635704399464,False
26,K27,edge,6048000.0,1316.9692586450801,4592.36232,False
26,K28,edge,6048000.0,1198.4420253670228,5046.552,False
26,K29,edge,6048000.0,1138.5199240986717,5312.16,False
26,K31,edge,1728000.0,16591.764705882353,104.14805360561583,False
26,K32,edge,1728000.0,352.94117647058823,4896.0,False
26,K35,edge,1728000.0,1058.8235294117646,1632.0,False
