F,phase,repeat,ms
20,build,1,0.04880002234131098
20,build,2,0.049799971748143435
20,build,3,0.045199994929134846
20,build,4,0.06120000034570694
20,build,5,0.04350004019215703
20,build,6,0.04050001734867692
20,build,7,0.04710000939667225
20,build,8,0.046099943574517965
20,build,9,0.04060001811012626
20,build,10,0.03969995304942131
20,build,11,0.043899985030293465
20,build,12,0.04120002267882228
20,build,13,0.042000028770416975
20,build,14,0.0412999652326107
20,build,15,0.04449998959898949
20,build,16,0.04050001734867692
20,build,17,0.03960001049563289
20,build,18,0.03920000744983554
20,build,19,0.041199964471161366
20,build,20,0.039300008211284876
20,build,21,0.03860000288113952
20,build,22,0.03950000973418355
20,build,23,0.04080001963302493
20,build,24,0.040300015825778246
20,build,25,0.039300008211284876
20,build,26,0.03880000440403819
20,build,27,0.0399000127799809
20,build,28,0.03869994543492794
20,build,29,0.03920000744983554
20,build,30,0.04600000102072954
20,loads,1,0.29739999445155263
20,loads,2,0.29769999673590064
20,loads,3,0.29989995528012514
20,loads,4,0.3472999669611454
20,loads,5,0.30040001729503274
20,loads,6,0.29479997465386987
20,loads,7,0.30529999639838934
20,loads,8,0.2929000183939934
20,loads,9,0.2951000351458788
20,loads,10,0.2878999803215265
20,loads,11,0.2964999875985086
20,loads,12,0.29070000164210796
20,loads,13,0.299000006634742
20,loads,14,0.29659998835995793
20,loads,15,0.2970000496134162
20,loads,16,0.28980005299672484
20,loads,17,0.2914000069722533
20,loads,18,0.2891000476665795
20,loads,19,0.29170000925660133
20,loads,20,0.2972999936901033
20,loads,21,0.29739999445155263
20,loads,22,0.29009999707341194
20,loads,23,0.29200001154094934
20,loads,24,0.28689997270703316
20,loads,25,0.291600008495152
20,loads,26,0.28710003243759274
20,loads,27,0.28909998945891857
20,loads,28,0.2870000316761434
20,loads,29,0.2906000008806586
20,loads,30,0.3185000387020409
20,cf_scan,1,0.052499992307275534
20,cf_scan,2,0.049600028432905674
20,cf_scan,3,0.04579999949783087
20,cf_scan,4,0.04700000863522291
20,cf_scan,5,0.04349998198449612
20,cf_scan,6,0.0412999652326107
20,cf_scan,7,0.051499984692782164
20,cf_scan,8,0.04140002420172095
20,cf_scan,9,0.040899962186813354
20,cf_scan,10,0.041599967516958714
20,cf_scan,11,0.04290003562346101
20,cf_scan,12,0.042599975131452084
20,cf_scan,13,0.04140002420172095
20,cf_scan,14,0.040899962186813354
20,cf_scan,15,0.04249997437000275
20,cf_scan,16,0.041599967516958714
20,cf_scan,17,0.04050001734867692
20,cf_scan,18,0.040000013541430235
20,cf_scan,19,0.0475000124424696
20,cf_scan,20,0.04160002572461963
20,cf_scan,21,0.04109996370971203
20,cf_scan,22,0.041899969801306725
20,cf_scan,23,0.04139996599406004
20,cf_scan,24,0.04099996294826269
20,cf_scan,25,0.04040001658722758
20,cf_scan,26,0.040700018871575594
20,cf_scan,27,0.040899962186813354
20,cf_scan,28,0.04150002496317029
20,cf_scan,29,0.04020001506432891
20,cf_scan,30,0.0445000478066504
20,lp_build,1,0.7056999602355063
20,lp_build,2,0.6580000044777989
20,lp_build,3,0.6815000087954104
20,lp_build,4,0.6133000133559108
20,lp_build,5,0.5595000111497939
20,lp_build,6,0.5317000322975218
20,lp_build,7,0.5708999815396965
20,lp_build,8,0.5495999939739704
20,lp_build,9,0.5400999798439443
20,lp_build,10,0.5359000060707331
20,lp_build,11,0.5577999982051551
20,lp_build,12,0.5473000346682966
20,lp_build,13,0.5308000254444778
20,lp_build,14,0.5379000212997198
20,lp_build,15,0.5885999999009073
20,lp_build,16,0.5292000132612884
20,lp_build,17,0.5303999641910195
20,lp_build,18,0.5238999729044735
20,lp_build,19,0.5500999977812171
20,lp_build,20,0.5336000467650592
20,lp_build,21,0.5309000262059271
20,lp_build,22,0.5400000372901559
20,lp_build,23,0.5414000479504466
20,lp_build,24,0.5356000037863851
20,lp_build,25,0.546799972653389
20,lp_build,26,0.5291999550536275
20,lp_build,27,0.5297000170685351
20,lp_build,28,0.5305999657139182
20,lp_build,29,0.526699994225055
20,lp_build,30,0.5939999828115106
20,lp_solve,1,3.8877000333741307
20,lp_solve,2,3.8139999960549176
20,lp_solve,3,4.5131000224500895
20,lp_solve,4,3.460400039330125
20,lp_solve,5,3.175900026690215
20,lp_solve,6,3.338300040923059
20,lp_solve,7,3.370199992787093
20,lp_solve,8,3.1956000020727515
20,lp_solve,9,3.1586000113748014
20,lp_solve,10,3.248399996664375
20,lp_solve,11,3.2234000391326845
20,lp_solve,12,3.210199996829033
20,lp_solve,13,3.1765999738126993
20,lp_solve,14,3.261099976953119
20,lp_solve,15,3.2526999711990356
20,lp_solve,16,3.153499972540885
20,lp_solve,17,3.0938999843783677
20,lp_solve,18,3.1655000057071447
20,lp_solve,19,3.208199981600046
20,lp_solve,20,3.1705000437796116
20,lp_solve,21,3.19869996747002
20,lp_solve,22,3.2119000097736716
20,lp_solve,23,3.168800030834973
20,lp_solve,24,3.1909000244922936
20,lp_solve,25,3.176200028974563
20,lp_solve,26,3.1231000320985913
20,lp_solve,27,3.1561999931000173
20,lp_solve,28,3.131199977360666
20,lp_solve,29,3.277699986938387
20,lp_solve,30,3.7364999880082905
20,cf_total,1,0.34989998675882816
20,cf_total,2,0.3473000251688063
20,cf_total,3,0.345699954777956
20,cf_total,4,0.3942999755963683
20,cf_total,5,0.34389999927952886
20,cf_total,6,0.33609993988648057
20,cf_total,7,0.3567999810911715
20,cf_total,8,0.33430004259571433
20,cf_total,9,0.33599999733269215
20,cf_total,10,0.32949994783848524
20,cf_total,11,0.3394000232219696
20,cf_total,12,0.33329997677356005
20,cf_total,13,0.340400030836463
20,cf_total,14,0.3374999505467713
20,cf_total,15,0.33950002398341894
20,cf_total,16,0.33140002051368356
20,cf_total,17,0.33190002432093024
20,cf_total,18,0.3291000612080097
20,cf_total,19,0.33920002169907093
20,cf_total,20,0.3389000194147229
20,cf_total,21,0.33849995816126466
20,cf_total,22,0.33199996687471867
20,cf_total,23,0.3333999775350094
20,cf_total,24,0.32789993565529585
20,cf_total,25,0.3320000250823796
20,cf_total,26,0.32780005130916834
20,cf_total,27,0.3299999516457319
20,cf_total,28,0.3285000566393137
20,cf_total,29,0.33080001594498754
20,cf_total,30,0.3630000865086913
20,lp_total,1,4.89079998806119
20,lp_total,2,4.769699997268617
20,lp_total,3,5.494499986525625
20,lp_total,4,4.421000019647181
20,lp_total,5,4.0358000551350415
20,lp_total,6,4.164800047874451
20,lp_total,7,4.246399970725179
20,lp_total,8,4.038100014440715
20,lp_total,9,3.9938000263646245
20,lp_total,10,4.072199983056635
20,lp_total,11,4.077700024936348
20,lp_total,12,4.048200033139437
20,lp_total,13,4.006400005891919
20,lp_total,14,4.095599986612797
20,lp_total,15,4.138300020713359
20,lp_total,16,3.9725000387988985
20,lp_total,17,3.9156999555416405
20,lp_total,18,3.9785000262781978
20,lp_total,19,4.049999988637865
20,lp_total,20,4.001400084234774
20,lp_total,21,4.0269999881275
20,lp_total,22,4.0420000441372395
20,lp_total,23,4.002200090326369
20,lp_total,24,4.013400000985712
20,lp_total,25,4.014600010123104
20,lp_total,26,3.9394000195898116
20,lp_total,27,3.974999999627471
20,lp_total,28,3.9487999747507274
20,lp_total,29,4.094999982044101
20,lp_total,30,4.649000009521842
50,build,1,0.08540000999346375
50,build,2,0.08719996549189091
50,build,3,0.0847000046633184
50,build,4,0.09210000280290842
50,build,5,0.08659996092319489
50,build,6,0.08769996929913759
50,build,7,0.08670001989230514
50,build,8,0.09220000356435776
50,build,9,0.08569995407015085
50,build,10,0.08760002674534917
50,build,11,0.08659996092319489
50,build,12,0.08999998681247234
50,build,13,0.08700002217665315
50,build,14,0.09059999138116837
50,build,15,0.08670001989230514
50,build,16,0.0877000275067985
50,build,17,0.08679996244609356
50,build,18,0.08720002369955182
50,build,19,0.08460000390186906
50,build,20,0.09009998757392168
50,build,21,0.08720002369955182
50,build,22,0.08769996929913759
50,build,23,0.08640001760795712
50,build,24,0.09139999747276306
50,build,25,0.08769996929913759
50,build,26,0.08899997919797897
50,build,27,0.08709996473044157
50,build,28,0.08759996853768826
50,build,29,0.08810003055259585
50,build,30,0.08700002217665315
50,loads,1,0.7956000044941902
50,loads,2,0.8037000079639256
50,loads,3,0.8007999858818948
50,loads,4,0.8317999891005456
50,loads,5,0.8092999923974276
50,loads,6,0.8246999932453036
50,loads,7,0.8023999980650842
50,loads,8,0.819800014141947
50,loads,9,0.8075999794527888
50,loads,10,0.8148000342771411
50,loads,11,0.8168999920599163
50,loads,12,0.8239999879151583
50,loads,13,0.8091999916359782
50,loads,14,0.8202000171877444
50,loads,15,0.8070000330917537
50,loads,16,0.8095999946817756
50,loads,17,0.8114000083878636
50,loads,18,0.8159000426530838
50,loads,19,0.8182000019587576
50,loads,20,0.8216999704018235
50,loads,21,0.8285000221803784
50,loads,22,0.8141999715007842
50,loads,23,0.791400030720979
50,loads,24,0.8083999855443835
50,loads,25,0.805900024715811
50,loads,26,0.8221999742090702
50,loads,27,0.7998000364750624
50,loads,28,0.8106000022962689
50,loads,29,0.8151999791152775
50,loads,30,0.8182000019587576
50,cf_scan,1,0.043899985030293465
50,cf_scan,2,0.04379998426884413
50,cf_scan,3,0.04360004095360637
50,cf_scan,4,0.052900053560733795
50,cf_scan,5,0.04279997665435076
50,cf_scan,6,0.04250003257766366
50,cf_scan,7,0.04870002157986164
50,cf_scan,8,0.046600005589425564
50,cf_scan,9,0.04640000406652689
50,cf_scan,10,0.04320003790780902
50,cf_scan,11,0.04499999340623617
50,cf_scan,12,0.04360004095360637
50,cf_scan,13,0.04369998350739479
50,cf_scan,14,0.043199979700148106
50,cf_scan,15,0.043599982745945454
50,cf_scan,16,0.044199987314641476
50,cf_scan,17,0.043199979700148106
50,cf_scan,18,0.042199972085654736
50,cf_scan,19,0.04410004476085305
50,cf_scan,20,0.04349998198449612
50,cf_scan,21,0.0467000063508749
50,cf_scan,22,0.04299997817724943
50,cf_scan,23,0.044599990360438824
50,cf_scan,24,0.04350004019215703
50,cf_scan,25,0.04499999340623617
50,cf_scan,26,0.04579999949783087
50,cf_scan,27,0.04409998655319214
50,cf_scan,28,0.04299997817724943
50,cf_scan,29,0.044700049329549074
50,cf_scan,30,0.04339998122304678
50,lp_build,1,1.18530000327155
50,lp_build,2,1.1931000044569373
50,lp_build,3,1.200399943627417
50,lp_build,4,1.3348000356927514
50,lp_build,5,1.1826000409200788
50,lp_build,6,1.3845000066794455
50,lp_build,7,1.20009999955073
50,lp_build,8,1.2393000070005655
50,lp_build,9,1.21929997112602
50,lp_build,10,1.220499980263412
50,lp_build,11,1.2238000053912401
50,lp_build,12,1.2379000545479357
50,lp_build,13,1.2121000327169895
50,lp_build,14,1.2141999904997647
50,lp_build,15,1.2214999878779054
50,lp_build,16,1.2168000102974474
50,lp_build,17,1.227299973834306
50,lp_build,18,1.1894000344909728
50,lp_build,19,1.2206999817863107
50,lp_build,20,1.2135999859310687
50,lp_build,21,1.3207000447437167
50,lp_build,22,1.2133000418543816
50,lp_build,23,1.2002000003121793
50,lp_build,24,1.2103999615646899
50,lp_build,25,1.2224999954923987
50,lp_build,26,1.2123000342398882
50,lp_build,27,1.202800020109862
50,lp_build,28,1.197999983560294
50,lp_build,29,1.2079000007361174
50,lp_build,30,1.197699981275946
50,lp_solve,1,5.118299974128604
50,lp_solve,2,5.0740999868139625
50,lp_solve,3,5.368600017391145
50,lp_solve,4,5.114600004162639
50,lp_solve,5,4.956700024195015
50,lp_solve,6,5.130100005771965
50,lp_solve,7,5.036399990785867
50,lp_solve,8,5.109700025059283
50,lp_solve,9,5.05530001828447
50,lp_solve,10,5.179199972189963
50,lp_solve,11,5.098599998746067
50,lp_solve,12,5.113099992740899
50,lp_solve,13,5.077600013464689
50,lp_solve,14,5.116199958138168
50,lp_solve,15,5.071699968539178
50,lp_solve,16,5.092900013551116
50,lp_solve,17,5.041100026573986
50,lp_solve,18,5.043700046371669
50,lp_solve,19,5.299199954606593
50,lp_solve,20,5.026200029533356
50,lp_solve,21,5.098900001030415
50,lp_solve,22,4.980800033081323
50,lp_solve,23,5.284999962896109
50,lp_solve,24,5.074899992905557
50,lp_solve,25,5.1864999695681036
50,lp_solve,26,5.095600034110248
50,lp_solve,27,4.961400001775473
50,lp_solve,28,5.156599974725395
50,lp_solve,29,4.982199985533953
50,lp_solve,30,5.044499994255602
50,cf_total,1,0.8394999895244837
50,cf_total,2,0.8474999922327697
50,cf_total,3,0.8444000268355012
50,cf_total,4,0.8847000426612794
50,cf_total,5,0.8520999690517783
50,cf_total,6,0.8672000258229673
50,cf_total,7,0.8511000196449459
50,cf_total,8,0.8664000197313726
50,cf_total,9,0.8539999835193157
50,cf_total,10,0.8580000721849501
50,cf_total,11,0.8618999854661524
50,cf_total,12,0.8676000288687646
50,cf_total,13,0.852899975143373
50,cf_total,14,0.8633999968878925
50,cf_total,15,0.8506000158376992
50,cf_total,16,0.853799981996417
50,cf_total,17,0.8545999880880117
50,cf_total,18,0.8581000147387385
50,cf_total,19,0.8623000467196107
50,cf_total,20,0.8651999523863196
50,cf_total,21,0.8752000285312533
50,cf_total,22,0.8571999496780336
50,cf_total,23,0.8360000210814178
50,cf_total,24,0.8519000257365406
50,cf_total,25,0.8509000181220472
50,cf_total,26,0.8679999737069011
50,cf_total,27,0.8439000230282545
50,cf_total,28,0.8535999804735184
50,cf_total,29,0.8599000284448266
50,cf_total,30,0.8615999831818044
50,lp_total,1,7.099199981894344
50,lp_total,2,7.070899999234825
50,lp_total,3,7.369799946900457
50,lp_total,4,7.281200028955936
50,lp_total,5,6.948600057512522
50,lp_total,6,7.339300005696714
50,lp_total,7,7.038899988401681
50,lp_total,8,7.168800046201795
50,lp_total,9,7.082199968863279
50,lp_total,10,7.214499986730516
50,lp_total,11,7.139299996197224
50,lp_total,12,7.175000035203993
50,lp_total,13,7.098900037817657
50,lp_total,14,7.150599965825677
50,lp_total,15,7.1001999895088375
50,lp_total,16,7.119300018530339
50,lp_total,17,7.0798000087961555
50,lp_total,18,7.049000123515725
50,lp_total,19,7.338099938351661
50,lp_total,20,7.061499985866249
50,lp_total,21,7.2481000679545105
50,lp_total,22,7.008300046436489
50,lp_total,23,7.276599993929267
50,lp_total,24,7.093699940014631
50,lp_total,25,7.214899989776313
50,lp_total,26,7.1301000425592065
50,lp_total,27,6.964000058360398
50,lp_total,28,7.165199960581958
50,lp_total,29,7.005299965385348
50,lp_total,30,7.060399977490306
100,build,1,0.1647999742999673
100,build,2,0.16900000628083944
100,build,3,0.2595999976620078
100,build,4,0.18530001398175955
100,build,5,0.1653999788686633
100,build,6,0.17389998538419604
100,build,7,0.16540003707632422
100,build,8,0.16799999866634607
100,build,9,0.16570003936067224
100,build,10,0.1700000138953328
100,build,11,0.16939995111897588
100,build,12,0.17200002912431955
100,build,13,0.17439998919144273
100,build,14,0.17309997929260135
100,build,15,0.1705000177025795
100,build,16,0.16680004773661494
100,build,17,0.16820000018924475
100,build,18,0.17090002074837685
100,build,19,0.17179996939375997
100,build,20,0.16980001237243414
100,build,21,0.17100002150982618
100,build,22,0.1800000318326056
100,build,23,0.1700000138953328
100,build,24,0.17289997776970267
100,build,25,0.16719999257475138
100,build,26,0.1784000196494162
100,build,27,0.17120002303272486
100,build,28,0.17590000061318278
100,build,29,0.18079997971653938
100,build,30,0.1716000260785222
100,loads,1,1.798400015104562
100,loads,2,2.896099991630763
100,loads,3,1.8613000283949077
100,loads,4,1.8068000208586454
100,loads,5,1.8650999991223216
100,loads,6,1.8006000318564475
100,loads,7,1.8315999768674374
100,loads,8,1.8162999767810106
100,loads,9,1.8146999645978212
100,loads,10,1.8117999425157905
100,loads,11,1.8331000464968383
100,loads,12,1.8557999865151942
100,loads,13,1.8350000027567148
100,loads,14,1.8176999874413013
100,loads,15,1.818799995817244
100,loads,16,1.8387999734841287
100,loads,17,1.8325999844819307
100,loads,18,1.8224999657832086
100,loads,19,1.8316999776288867
100,loads,20,1.8310999730601907
100,loads,21,1.8962000031024218
100,loads,22,1.8334000487811863
100,loads,23,1.8278000061400235
100,loads,24,1.844200014602393
100,loads,25,1.8409999902360141
100,loads,26,1.8390999757684767
100,loads,27,1.81639997754246
100,loads,28,1.8331999890506268
100,loads,29,1.860200020018965
100,loads,30,1.836799958255142
100,cf_scan,1,0.04850002005696297
100,cf_scan,2,0.05889998283237219
100,cf_scan,3,0.0523999915458262
100,cf_scan,4,0.08620001608505845
100,cf_scan,5,0.05050003528594971
100,cf_scan,6,0.05229999078437686
100,cf_scan,7,0.047200010158121586
100,cf_scan,8,0.04869996337220073
100,cf_scan,9,0.04830001853406429
100,cf_scan,10,0.049399968702346087
100,cf_scan,11,0.049499969463795424
100,cf_scan,12,0.05269999383017421
100,cf_scan,13,0.0475000124424696
100,cf_scan,14,0.04830001853406429
100,cf_scan,15,0.047600013203918934
100,cf_scan,16,0.04900002386420965
100,cf_scan,17,0.046600005589425564
100,cf_scan,18,0.048200017772614956
100,cf_scan,19,0.05030003376305103
100,cf_scan,20,0.04830001853406429
100,cf_scan,21,0.05099998088553548
100,cf_scan,22,0.047600013203918934
100,cf_scan,23,0.047900015488266945
100,cf_scan,24,0.04759995499625802
100,cf_scan,25,0.04959997022524476
100,cf_scan,26,0.055500015150755644
100,cf_scan,27,0.05000003147870302
100,cf_scan,28,0.04700000863522291
100,cf_scan,29,0.054999953135848045
100,cf_scan,30,0.052099989261478186
100,lp_build,1,2.40609998581931
100,lp_build,2,2.7452000067569315
100,lp_build,3,2.4794000200927258
100,lp_build,4,2.7305999537929893
100,lp_build,5,2.503699972294271
100,lp_build,6,2.445199992507696
100,lp_build,7,2.4508999777026474
100,lp_build,8,2.421799988951534
100,lp_build,9,2.4398999521508813
100,lp_build,10,2.4894000380299985
100,lp_build,11,2.431600005365908
100,lp_build,12,2.5162999518215656
100,lp_build,13,2.486499957740307
100,lp_build,14,2.44609999936074
100,lp_build,15,2.4424000293947756
100,lp_build,16,2.4662999785505235
100,lp_build,17,2.4504000321030617
100,lp_build,18,2.465799974743277
100,lp_build,19,2.4222000502049923
100,lp_build,20,2.468799997586757
100,lp_build,21,2.4576999712735415
100,lp_build,22,2.4947000201791525
100,lp_build,23,2.5061999913305044
100,lp_build,24,2.445499994792044
100,lp_build,25,2.4378999951295555
100,lp_build,26,2.504599979147315
100,lp_build,27,2.4368000449612737
100,lp_build,28,2.494499960448593
100,lp_build,29,2.4929000064730644
100,lp_build,30,2.628799993544817
100,lp_solve,1,9.000499965623021
100,lp_solve,2,9.37259994680062
100,lp_solve,3,9.218699997290969
100,lp_solve,4,9.300799982156605
100,lp_solve,5,9.143199946265668
100,lp_solve,6,9.272800001781434
100,lp_solve,7,9.261300030630082
100,lp_solve,8,9.190600016154349
100,lp_solve,9,9.247199981473386
100,lp_solve,10,9.212500008288771
100,lp_solve,11,9.095199988223612
100,lp_solve,12,9.09399997908622
100,lp_solve,13,9.118499991018325
100,lp_solve,14,9.225800051353872
100,lp_solve,15,9.44679998792708
100,lp_solve,16,9.134699997957796
100,lp_solve,17,9.243600012268871
100,lp_solve,18,9.393899992574006
100,lp_solve,19,9.341299999505281
100,lp_solve,20,9.079700044821948
100,lp_solve,21,9.161500027403235
100,lp_solve,22,9.170200035441667
100,lp_solve,23,9.145299962256104
100,lp_solve,24,9.216299979016185
100,lp_solve,25,9.312900016084313
100,lp_solve,26,9.39350004773587
100,lp_solve,27,9.203499997965991
100,lp_solve,28,9.48379997862503
100,lp_solve,29,9.512199962045997
100,lp_solve,30,9.497999970335513
100,cf_total,1,1.846900035161525
100,cf_total,2,2.954999974463135
100,cf_total,3,1.913700019940734
100,cf_total,4,1.893000036943704
100,cf_total,5,1.9156000344082713
100,cf_total,6,1.8529000226408243
100,cf_total,7,1.878799987025559
100,cf_total,8,1.8649999401532114
100,cf_total,9,1.8629999831318855
100,cf_total,10,1.8611999112181365
100,cf_total,11,1.8826000159606338
100,cf_total,12,1.9084999803453684
100,cf_total,13,1.8825000151991844
100,cf_total,14,1.8660000059753656
100,cf_total,15,1.866400009021163
100,cf_total,16,1.8877999973483384
100,cf_total,17,1.8791999900713563
100,cf_total,18,1.8706999835558236
100,cf_total,19,1.8820000113919377
100,cf_total,20,1.879399991594255
100,cf_total,21,1.9471999839879572
100,cf_total,22,1.8810000619851053
100,cf_total,23,1.8757000216282904
100,cf_total,24,1.891799969598651
100,cf_total,25,1.8905999604612589
100,cf_total,26,1.8945999909192324
100,cf_total,27,1.866400009021163
100,cf_total,28,1.8801999976858497
100,cf_total,29,1.915199973154813
100,cf_total,30,1.8888999475166202
100,lp_total,1,13.204999966546893
100,lp_total,2,15.013899945188314
100,lp_total,3,13.559400045778602
100,lp_total,4,13.83819995680824
100,lp_total,5,13.51199991768226
100,lp_total,6,13.518600026145577
100,lp_total,7,13.543799985200167
100,lp_total,8,13.428699981886894
100,lp_total,9,13.501799898222089
100,lp_total,10,13.51369998883456
100,lp_total,11,13.359900040086359
100,lp_total,12,13.46609991742298
100,lp_total,13,13.439999951515347
100,lp_total,14,13.489600038155913
100,lp_total,15,13.708000013139099
100,lp_total,16,13.439799949992448
100,lp_total,17,13.526600028853863
100,lp_total,18,13.682199933100492
100,lp_total,19,13.59520002733916
100,lp_total,20,13.379600015468895
100,lp_total,21,13.515400001779199
100,lp_total,22,13.498300104402006
100,lp_total,23,13.479299959726632
100,lp_total,24,13.505999988410622
100,lp_total,25,13.591800001449883
100,lp_total,26,13.737200002651662
100,lp_total,27,13.456700020469725
100,lp_total,28,13.811499928124249
100,lp_total,29,13.865299988538027
100,lp_total,30,13.963599922135472
250,build,1,0.43080002069473267
250,build,2,0.4556999774649739
250,build,3,0.44649996561929584
250,build,4,0.4384999629110098
250,build,5,0.4121999954804778
250,build,6,0.4243000294081867
250,build,7,0.5876999930478632
250,build,8,0.4270999925211072
250,build,9,0.4097999772056937
250,build,10,0.42970001231878996
250,build,11,0.4186999867670238
250,build,12,0.4209000035189092
250,build,13,0.41749997762963176
250,build,14,0.41090004378929734
250,build,15,0.4175999783910811
250,build,16,0.44030003482475877
250,build,17,0.41989999590441585
250,build,18,0.4346999921835959
250,build,19,0.4275999963283539
250,build,20,0.42749999556690454
250,build,21,0.42779999785125256
250,build,22,0.41959999362006783
250,build,23,0.41779997991397977
250,build,24,0.41879998752847314
250,build,25,0.41880004573613405
250,build,26,0.4246000316925347
250,build,27,0.4206000012345612
250,build,28,0.42590004159137607
250,build,29,0.49619999481365085
250,build,30,0.41939999209716916
250,loads,1,5.363699980080128
250,loads,2,5.872700014151633
250,loads,3,5.364999989978969
250,loads,4,5.559300014283508
250,loads,5,5.484700028318912
250,loads,6,5.3162999683991075
250,loads,7,5.521300015971065
250,loads,8,5.289199994876981
250,loads,9,5.488399998284876
250,loads,10,5.335500056389719
250,loads,11,5.404399998951703
250,loads,12,5.501800042111427
250,loads,13,5.522799969185144
250,loads,14,5.5056000128388405
250,loads,15,5.360000010114163
250,loads,16,5.499399965628982
250,loads,17,5.499799968674779
250,loads,18,5.381900002248585
250,loads,19,5.27160003548488
250,loads,20,5.5114999995566905
250,loads,21,5.524900043383241
250,loads,22,5.635200010146946
250,loads,23,5.404600000474602
250,loads,24,5.481200001668185
250,loads,25,20.33659996232018
250,loads,26,5.31160004902631
250,loads,27,5.527800007257611
250,loads,28,5.491500021889806
250,loads,29,5.505999957676977
250,loads,30,5.587699997704476
250,cf_scan,1,0.05809997674077749
250,cf_scan,2,0.08480000542476773
250,cf_scan,3,0.07970002479851246
250,cf_scan,4,0.12620002962648869
250,cf_scan,5,0.05440000677481294
250,cf_scan,6,0.05760003114119172
250,cf_scan,7,0.0934000127017498
250,cf_scan,8,0.05639996379613876
250,cf_scan,9,0.05530001362785697
250,cf_scan,10,0.05959998816251755
250,cf_scan,11,0.05730002885684371
250,cf_scan,12,0.06729998858645558
250,cf_scan,13,0.05460000829771161
250,cf_scan,14,0.07110001752153039
250,cf_scan,15,0.05719996988773346
250,cf_scan,16,0.06529997335746884
250,cf_scan,17,0.05690002581104636
250,cf_scan,18,0.0613999436609447
250,cf_scan,19,0.05540001438930631
250,cf_scan,20,0.05670002428814769
250,cf_scan,21,0.056800025049597025
250,cf_scan,22,0.06320001557469368
250,cf_scan,23,0.06890000076964498
250,cf_scan,24,0.05660002352669835
250,cf_scan,25,0.06029999349266291
250,cf_scan,26,0.06049999501556158
250,cf_scan,27,0.06049999501556158
250,cf_scan,28,0.05659996531903744
250,cf_scan,29,0.05959998816251755
250,cf_scan,30,0.06089999806135893
250,lp_build,1,7.205899979453534
250,lp_build,2,7.437099993694574
250,lp_build,3,7.7367999474518
250,lp_build,4,7.445299997925758
250,lp_build,5,6.506800011266023
250,lp_build,6,6.502399977762252
250,lp_build,7,6.537300010677427
250,lp_build,8,6.824099982623011
250,lp_build,9,6.508399965241551
250,lp_build,10,6.522300012875348
250,lp_build,11,6.668899965006858
250,lp_build,12,6.518699985463172
250,lp_build,13,6.473699992056936
250,lp_build,14,6.5811999957077205
250,lp_build,15,6.542899995110929
250,lp_build,16,6.987000000663102
250,lp_build,17,6.951499963179231
250,lp_build,18,6.550899997819215
250,lp_build,19,6.69969996670261
250,lp_build,20,6.609499978367239
250,lp_build,21,6.685399974230677
250,lp_build,22,6.489699997473508
250,lp_build,23,6.648599985055625
250,lp_build,24,6.794100045226514
250,lp_build,25,6.771199987269938
250,lp_build,26,6.516199966426939
250,lp_build,27,6.682299950625747
250,lp_build,28,6.8866999936290085
250,lp_build,29,6.42719998722896
250,lp_build,30,6.767700018826872
250,lp_solve,1,29.28979997523129
250,lp_solve,2,26.454299979377538
250,lp_solve,3,28.22029998060316
250,lp_solve,4,25.67009994527325
250,lp_solve,5,25.66879999358207
250,lp_solve,6,25.33550001680851
250,lp_solve,7,25.596499966923147
250,lp_solve,8,25.589899974875152
250,lp_solve,9,25.687099958304316
250,lp_solve,10,25.414799980353564
250,lp_solve,11,25.622399989515543
250,lp_solve,12,25.52069997182116
250,lp_solve,13,25.589700031559914
250,lp_solve,14,25.592399993911386
250,lp_solve,15,26.078100025188178
250,lp_solve,16,25.356500002089888
250,lp_solve,17,25.79629997489974
250,lp_solve,18,25.558199966326356
250,lp_solve,19,25.54569998756051
250,lp_solve,20,25.61830001650378
250,lp_solve,21,25.3993000369519
250,lp_solve,22,25.61099996091798
250,lp_solve,23,25.753800000529736
250,lp_solve,24,25.64800000982359
250,lp_solve,25,25.41410003323108
250,lp_solve,26,25.422299979254603
250,lp_solve,27,25.518200010992587
250,lp_solve,28,26.46140003344044
250,lp_solve,29,25.43340000556782
250,lp_solve,30,25.42259998153895
250,cf_total,1,5.421799956820905
250,cf_total,2,5.9575000195764005
250,cf_total,3,5.444700014777482
250,cf_total,4,5.685500043909997
250,cf_total,5,5.539100035093725
250,cf_total,6,5.373899999540299
250,cf_total,7,5.614700028672814
250,cf_total,8,5.3455999586731195
250,cf_total,9,5.543700011912733
250,cf_total,10,5.395100044552237
250,cf_total,11,5.461700027808547
250,cf_total,12,5.569100030697882
250,cf_total,13,5.577399977482855
250,cf_total,14,5.576700030360371
250,cf_total,15,5.417199980001897
250,cf_total,16,5.56469993898645
250,cf_total,17,5.556699994485825
250,cf_total,18,5.44329994590953
250,cf_total,19,5.3270000498741865
250,cf_total,20,5.568200023844838
250,cf_total,21,5.581700068432838
250,cf_total,22,5.698400025721639
250,cf_total,23,5.473500001244247
250,cf_total,24,5.537800025194883
250,cf_total,25,20.39689995581284
250,cf_total,26,5.372100044041872
250,cf_total,27,5.588300002273172
250,cf_total,28,5.548099987208843
250,cf_total,29,5.5655999458394945
250,cf_total,30,5.648599995765835
250,lp_total,1,41.85939993476495
250,lp_total,2,39.764099987223744
250,lp_total,3,41.32209991803393
250,lp_total,4,38.67469995748252
250,lp_total,5,37.660300033167005
250,lp_total,6,37.15419996296987
250,lp_total,7,37.65509999357164
250,lp_total,8,37.703199952375144
250,lp_total,9,37.68389992183074
250,lp_total,10,37.27260004961863
250,lp_total,11,37.695699953474104
250,lp_total,12,37.54119999939576
250,lp_total,13,37.586199992801994
250,lp_total,14,37.67920000245795
250,lp_total,15,37.98100003041327
250,lp_total,16,37.84289996838197
250,lp_total,17,38.24759990675375
250,lp_total,18,37.490999966394156
250,lp_total,19,37.516999989748
250,lp_total,20,37.73929999442771
250,lp_total,21,37.60960005456582
250,lp_total,22,37.73589996853843
250,lp_total,23,37.806999986059964
250,lp_total,24,37.92330005671829
250,lp_total,25,52.521899982821196
250,lp_total,26,37.25009999470785
250,lp_total,27,37.728299968875945
250,lp_total,28,38.839600048959255
250,lp_total,29,37.366599950473756
250,lp_total,30,37.7779999980703
500,build,1,0.880700012203306
500,build,2,0.900499988347292
500,build,3,0.8990000351332128
500,build,4,0.8991999784484506
500,build,5,0.9073000401258469
500,build,6,0.8907000301405787
500,build,7,0.8957000100053847
500,build,8,0.8964999578893185
500,build,9,0.8900999673642218
500,build,10,0.8977000252343714
500,build,11,0.8977999677881598
500,build,12,0.8839999791234732
500,build,13,0.8997999830171466
500,build,14,0.8932999917306006
500,build,15,0.8882000111043453
500,build,16,0.9017000556923449
500,build,17,0.9024000028148293
500,build,18,0.8963000145740807
500,build,19,0.8892000187188387
500,build,20,0.89490000391379
500,build,21,0.9341000113636255
500,build,22,0.9083999902941287
500,build,23,0.894299999345094
500,build,24,0.9085999918170273
500,build,25,0.910000002477318
500,build,26,0.8802000083960593
500,build,27,0.999599986243993
500,build,28,0.8944000001065433
500,build,29,0.9055000264197588
500,build,30,0.8817999623715878
500,loads,1,11.997500027064234
500,loads,2,12.13440002175048
500,loads,3,11.569099966436625
500,loads,4,12.116899946704507
500,loads,5,11.98159996420145
500,loads,6,11.850600014440715
500,loads,7,11.921300028916448
500,loads,8,12.042100017424673
500,loads,9,11.743700015358627
500,loads,10,12.14469998376444
500,loads,11,12.323000002652407
500,loads,12,11.70480001019314
500,loads,13,12.004399963188916
500,loads,14,12.078800005838275
500,loads,15,11.937700037378818
500,loads,16,12.146799999754876
500,loads,17,11.935299960896373
500,loads,18,11.768700031097978
500,loads,19,11.955299996770918
500,loads,20,11.967800033744425
500,loads,21,11.84390002163127
500,loads,22,12.376099999528378
500,loads,23,12.059599976055324
500,loads,24,12.754600029438734
500,loads,25,12.112600030377507
500,loads,26,12.002100003883243
500,loads,27,11.814099969342351
500,loads,28,12.031899997964501
500,loads,29,12.116199999582022
500,loads,30,11.798699968494475
500,cf_scan,1,0.08540000999346375
500,cf_scan,2,0.08830003207549453
500,cf_scan,3,0.08220004383474588
500,cf_scan,4,0.07680000271648169
500,cf_scan,5,0.07920002099126577
500,cf_scan,6,0.07700000423938036
500,cf_scan,7,0.08480000542476773
500,cf_scan,8,0.08950004121288657
500,cf_scan,9,0.08620001608505845
500,cf_scan,10,0.08430000161752105
500,cf_scan,11,0.08730002446100116
500,cf_scan,12,0.07539999205619097
500,cf_scan,13,0.08849997539073229
500,cf_scan,14,0.08259998867288232
500,cf_scan,15,0.08059997344389558
500,cf_scan,16,0.07619999814778566
500,cf_scan,17,0.0811999780125916
500,cf_scan,18,0.07499998901039362
500,cf_scan,19,0.07930002175271511
500,cf_scan,20,0.07829995593056083
500,cf_scan,21,0.08160003926604986
500,cf_scan,22,0.08209998486563563
500,cf_scan,23,0.08680002065375447
500,cf_scan,24,0.11259998427703977
500,cf_scan,25,0.08040003012865782
500,cf_scan,26,0.07970002479851246
500,cf_scan,27,0.08460000390186906
500,cf_scan,28,0.07730000652372837
500,cf_scan,29,0.08699996396899223
500,cf_scan,30,0.09569997200742364
500,lp_build,1,14.267399965319782
500,lp_build,2,14.835100038908422
500,lp_build,3,14.012200001161546
500,lp_build,4,14.431599993258715
500,lp_build,5,14.650199969764799
500,lp_build,6,14.62790003279224
500,lp_build,7,15.070700028445572
500,lp_build,8,14.906600001268089
500,lp_build,9,14.816600014455616
500,lp_build,10,14.533800014760345
500,lp_build,11,15.258100000210106
500,lp_build,12,15.101399971172214
500,lp_build,13,14.756100019440055
500,lp_build,14,14.757799974177033
500,lp_build,15,14.95819998672232
500,lp_build,16,14.709800016134977
500,lp_build,17,15.12999995611608
500,lp_build,18,15.035099990200251
500,lp_build,19,15.499999979510903
500,lp_build,20,15.424299985170364
500,lp_build,21,15.14939998742193
500,lp_build,22,15.286200039554387
500,lp_build,23,15.456399996764958
500,lp_build,24,16.621700022369623
500,lp_build,25,16.17900002747774
500,lp_build,26,15.22790000308305
500,lp_build,27,15.47980000032112
500,lp_build,28,14.686600014101714
500,lp_build,29,15.117200033273548
500,lp_build,30,14.895399974193424
500,lp_solve,1,66.06530002318323
500,lp_solve,2,66.89580000238493
500,lp_solve,3,65.74209994869307
500,lp_solve,4,66.14439998520538
500,lp_solve,5,65.7457000343129
500,lp_solve,6,67.26819998584688
500,lp_solve,7,66.52729999041185
500,lp_solve,8,66.2906999932602
500,lp_solve,9,65.56890002684668
500,lp_solve,10,66.46210001781583
500,lp_solve,11,66.65880000218749
500,lp_solve,12,65.92559994896874
500,lp_solve,13,66.07190001523122
500,lp_solve,14,65.22520002909005
500,lp_solve,15,66.29360001534224
500,lp_solve,16,65.7902000239119
500,lp_solve,17,66.13780005136505
500,lp_solve,18,66.80009997216985
500,lp_solve,19,66.0978999803774
500,lp_solve,20,66.10949995229021
500,lp_solve,21,65.67029998404905
500,lp_solve,22,67.31660000514239
500,lp_solve,23,69.31440002517775
500,lp_solve,24,70.28869999339804
500,lp_solve,25,64.57649997901171
500,lp_solve,26,65.58470003074035
500,lp_solve,27,65.49960002303123
500,lp_solve,28,66.35320000350475
500,lp_solve,29,66.11389998579398
500,lp_solve,30,65.30830002157018
500,cf_total,1,12.082900037057698
500,cf_total,2,12.222700053825974
500,cf_total,3,11.65130001027137
500,cf_total,4,12.193699949420989
500,cf_total,5,12.060799985192716
500,cf_total,6,11.927600018680096
500,cf_total,7,12.006100034341216
500,cf_total,8,12.13160005863756
500,cf_total,9,11.829900031443685
500,cf_total,10,12.22899998538196
500,cf_total,11,12.410300027113408
500,cf_total,12,11.78020000224933
500,cf_total,13,12.092899938579649
500,cf_total,14,12.161399994511157
500,cf_total,15,12.018300010822713
500,cf_total,16,12.222999997902662
500,cf_total,17,12.016499938908964
500,cf_total,18,11.843700020108372
500,cf_total,19,12.034600018523633
500,cf_total,20,12.046099989674985
500,cf_total,21,11.92550006089732
500,cf_total,22,12.458199984394014
500,cf_total,23,12.146399996709079
500,cf_total,24,12.867200013715774
500,cf_total,25,12.193000060506165
500,cf_total,26,12.081800028681755
500,cf_total,27,11.89869997324422
500,cf_total,28,12.10920000448823
500,cf_total,29,12.203199963551015
500,cf_total,30,11.894399940501899
500,lp_total,1,92.33020001556724
500,lp_total,2,93.86530006304383
500,lp_total,3,91.32339991629124
500,lp_total,4,92.6928999251686
500,lp_total,5,92.37749996827915
500,lp_total,6,93.74670003307983
500,lp_total,7,93.51930004777387
500,lp_total,8,93.23940001195297
500,lp_total,9,92.12920005666092
500,lp_total,10,93.14060001634061
500,lp_total,11,94.23990000505
500,lp_total,12,92.73179993033409
500,lp_total,13,92.8323999978602
500,lp_total,14,92.06180000910535
500,lp_total,15,93.18950003944337
500,lp_total,16,92.64680003980175
500,lp_total,17,93.2030999683775
500,lp_total,18,93.60389999346808
500,lp_total,19,93.55319995665923
500,lp_total,20,93.501599971205
500,lp_total,21,92.66359999310225
500,lp_total,22,94.97890004422516
500,lp_total,23,96.83039999799803
500,lp_total,24,99.6650000452064
500,lp_total,25,92.86810003686696
500,lp_total,26,92.81470003770664
500,lp_total,27,92.7934999926947
500,lp_total,28,93.07170001557097
500,lp_total,29,93.34730001864955
500,lp_total,30,92.00239996425807
