period,edge,full_demand_load,capacity,ratio
11,K1,240086.71248522666,6048000.0,25.1908984774497
11,K3,13248.529411764706,2592000.0,195.64435564435564
11,K2,214833.8474492006,6048000.0,28.15198848696365
11,K5,12992.64706235294,86932.180615,6.690875246422399
11,K6,4367.64705882353,3930.882353,0.900000000013468
11,K4,186731.8609555641,6048000.0,32.388688084885636
11,K8,7203.4313741176475,46140.063039,6.405289457574894
11,K7,170191.83653366825,6048000.0,35.53636956496179
11,K11,20580.88235882353,87551.520426,4.254021712944903
11,K9,141101.36234816132,6048000.0,42.86280372741427
11,K12,8907.35294117647,42906.161145,4.816937358197127
11,K10,123727.92766609516,6048000.0,48.88144587955721
11,K14,1000.0000023529411,1728000.0,1727.9999959341176
11,K13,116541.53128043746,6048000.0,51.89566271826747
11,K16,14990.625,1728000.0,115.27204502814259
11,K15,89896.75315239372,6048000.0,67.27717951890187
11,K18,0.0,1728000.0,
11,K19,4845.8333425,1728000.0,356.59501222312207
11,K20,2339.0625,1728000.0,738.7575150300602
11,K21,7063.235294117647,1728000.0,244.6470955652717
11,K22,4715.625,1728000.0,366.441351888668
11,K23,6617.64705882353,1728000.0,261.12
11,K17,59820.512299332855,6048000.0,101.10244408701679
11,K25,3203.508777894737,1728000.0,539.4085422595898
11,K24,51831.36253749149,6048000.0,116.68610863982717
11,K26,48203.16715986709,6048000.0,125.46893402131954
11,K27,38306.24409599138,6048000.0,157.88548688940514
11,K28,27613.70220325577,6048000.0,219.02170000540227
11,K29,5303.6053130929795,6048000.0,1140.356350626118
11,K30,0.0,6048000.0,
11,K31,0.0,1728000.0,
11,K32,7486.764705882353,1728000.0,230.8073070123748
11,K33,7244.979924096386,1728000.0,238.5099776816181
11,K34,20929.41178,1728000.0,82.56323771369746
11,K35,4932.35294117647,1728000.0,350.33989266547405
12,K1,555806.604078837,6048000.0,10.881482795663466
12,K3,28882.058823529413,2592000.0,89.74429474841902
12,K2,499134.2150513657,6048000.0,12.116981400238416
12,K5,30064.99999647059,27058.499997,0.9000000000058697
12,K6,11586.764705882353,29366.500423,2.534486646483056
12,K4,432525.73959644453,6048000.0,13.98298285240298
12,K8,16761.274508235296,46140.063039,2.7527777208308395
12,K7,394138.178108387,6048000.0,15.344872270498026
12,K11,41897.058817647056,87551.520426,2.0896817795029388
12,K9,332534.2103853206,6048000.0,18.187602391320706
12,K12,20341.764705882353,42906.161145,2.1092644500303637
12,K10,292240.393056319,6048000.0,20.69529108125194
12,K14,3617.6470564705883,1728000.0,477.6585368960381
12,K13,274010.72634703247,6048000.0,22.072128637549227
12,K16,31674.375,1728000.0,54.55514118273841
12,K15,214935.27871232922,6048000.0,28.138703130697696
12,K18,0.0,1728000.0,
12,K19,9691.6666575,1728000.0,178.2975066174783
12,K20,6061.25,1728000.0,285.08970921839557
12,K21,16997.058823529413,1728000.0,101.66464786295207
12,K22,10087.5,1728000.0,171.3011152416357
12,K23,15977.64705882353,1728000.0,108.15109343936382
12,K17,145373.39223685983,6048000.0,41.60321161210761
12,K25,6407.017537894737,1728000.0,269.7042718830763
12,K24,127336.50332001629,6048000.0,47.496199772349975
12,K26,111509.7127934975,6048000.0,54.23742783016726
12,K27,89175.99185970498,6048000.0,67.82094455999929
12,K28,62378.867456186956,6048000.0,96.95591226063752
12,K29,12343.453510436433,6048000.0,489.9763259031514
12,K30,0.0,6048000.0,
12,K31,6913.235294117647,1728000.0,249.95532865347798
12,K32,16758.235294117647,1728000.0,103.11348239671452
12,K33,18771.28513614458,1728000.0,92.05549793033045
12,K34,46916.47057294118,1728000.0,36.831415042473694
12,K35,11479.411764705883,1728000.0,150.53036126056878
13,K1,651793.9023988054,6048000.0,9.279006719365537
13,K3,31267.058823529413,2592000.0,82.89874703691162
13,K2,587937.1484553358,6048000.0,10.286813847176818
13,K5,36596.47058470588,86932.180615,2.375425258940955
13,K6,15266.470588235294,29366.500423,1.9235946025160868
13,K4,506677.3498596278,6048000.0,11.936590419278788
13,K8,20372.15686117647,18334.941175,0.8999999999971126
13,K7,460971.3255054699,6048000.0,13.120121936799807
13,K11,42632.35293529412,87551.520426,2.053640355222303
13,K9,395290.4062949023,6048000.0,15.300143650559413
13,K12,22868.823529411766,42906.161145,1.8761857639864188
13,K10,348704.15838779643,6048000.0,17.344215302629042
13,K14,6458.823527058824,1728000.0,267.5409837040222
13,K13,324810.1269413478,6048000.0,18.6201090986677
13,K16,35952.5,1728000.0,48.06341700855295
13,K15,256376.61424721297,6048000.0,23.59029515136733
13,K18,0.0,1728000.0,
13,K19,9691.6666575,1728000.0,178.2975066174783
13,K20,9059.375,1728000.0,190.74163504656778
13,K21,20879.41176470588,1728000.0,82.76095224679533
13,K22,11278.75,1728000.0,153.2084672503602
13,K23,18960.0,1728000.0,91.13924050632912
13,K17,173688.58011264645,6048000.0,34.82094214874429
13,K25,6407.017537894737,1728000.0,269.7042718830763
13,K24,153386.47616574,6048000.0,39.429812530962
13,K26,128822.95224590291,6048000.0,46.94815554650007
13,K27,102994.15757478423,6048000.0,58.72177745236216
13,K28,70672.07295570425,6048000.0,85.57835856591836
13,K29,14818.469323213156,6048000.0,408.13932047123103
13,K30,0.0,6048000.0,
13,K31,13826.470588235294,1728000.0,124.97766432673899
13,K32,19387.647058823528,1728000.0,89.12891774629085
13,K33,23052.610437349398,1728000.0,74.95897285455914
13,K34,52319.99998470588,1728000.0,33.027522945434384
13,K35,13781.176470588236,1728000.0,125.38842410790507
14,K1,678457.8112252654,6048000.0,8.914334686599855
14,K3,31596.397063529414,2592000.0,82.0346698007493
14,K2,612938.5236004727,6048000.0,9.86722120918969
14,K5,37431.25377882353,86932.180615,2.3224490723359437
14,K6,15646.004907058823,29366.500423,1.8769328398811291
14,K4,529214.3387345667,6048000.0,11.42826177851058
14,K8,20821.167047058825,46140.063039,2.216017139419555
14,K7,481932.45475077955,6048000.0,12.549476467874706
14,K11,43269.57013647059,87551.520426,2.023397046697386
14,K9,414566.26187677,6048000.0,14.588741429706044
14,K12,23602.096535294117,21241.886882,0.9000000000099692
14,K10,366090.1896288697,6048000.0,16.520519181711112
14,K14,6894.532430588235,1728000.0,250.63338484471652
14,K13,340891.147716838,6048000.0,17.741733807132434
14,K16,36699.6193925,1728000.0,47.08495697241855
14,K15,270102.41355265415,6048000.0,22.391506689817096
14,K18,3798.0769175,1728000.0,454.9670892756479
14,K19,10437.1794875,1728000.0,165.5619702688379
14,K20,9321.56250125,1728000.0,185.3766468623988
14,K21,21728.092010588236,1728000.0,79.52838192870017
14,K22,11442.8125,1728000.0,151.01182510855614
14,K23,19387.254905882353,1728000.0,89.13072058879783
14,K17,180482.31455230087,6048000.0,33.5102085487018
14,K25,6899.865047368421,1728000.0,250.4396807962283
14,K24,159143.86434074838,6048000.0,38.003350145189515
14,K26,132449.0144251313,6048000.0,45.66285393855247
14,K27,106220.19115093355,6048000.0,56.93832720942948
14,K28,72782.04523771098,6048000.0,83.0974175051942
14,K29,15077.271772296015,6048000.0,401.1335798239704
14,K30,0.0,6048000.0,
14,K31,15554.779411764706,1728000.0,111.09125717932355
14,K32,19606.372552941175,1728000.0,88.13461007812894
14,K33,23878.328709638554,1728000.0,72.36687378805067
14,K34,54065.67120352941,1728000.0,31.96113100112953
14,K35,14021.862748235295,1728000.0,123.23612283378509
15,K1,712841.1594891507,6652800.0,9.332794426135061
15,K3,34186.46010117647,2851200.0,83.40143997248433
15,K2,643012.6414135167,6652800.0,10.346297368859398
15,K5,48675.44740117647,43807.902661,0.8999999999987915
15,K6,16612.32844117647,32303.150466,1.9445287625021408
15,K4,545574.233500488,6652800.0,12.194124266673327
15,K8,24103.39664117647,50754.069343,2.1056812074483924
15,K7,494192.1251842871,6652800.0,13.461970883326263
15,K11,29345.281187058823,96306.672469,3.28184527710271
15,K9,440137.2377380139,6652800.0,15.115285482752073
15,K12,16943.68994352941,47196.777259,2.785507608808899
15,K10,396785.31353020365,6652800.0,16.766749607766375
15,K14,12643.433523529411,1900800.0,150.33890884644697
15,K13,364302.6143301641,6652800.0,18.261741031511317
15,K16,39668.7368525,1900800.0,47.91682697303249
15,K15,288203.61604464764,6652800.0,23.083679834778227
15,K18,4177.884625,1900800.0,454.96708756049003
15,K19,17122.390105,1900800.0,111.01253904061778
15,K20,15107.67857625,1900800.0,125.81681496640718
15,K21,20283.835390588236,1900800.0,93.71008802812398
15,K22,9817.8124975,1900800.0,193.60728273065087
15,K23,22908.095245882352,1900800.0,82.97503479001215
15,K17,184375.73880219468,6652800.0,36.0828384646495
15,K25,16252.284551578947,1900800.0,116.95586512576368
15,K24,153373.39514644016,6652800.0,43.376492993768174
15,K26,123625.86042736583,6652800.0,53.81398339313265
15,K27,94455.63181776225,6652800.0,70.43306864788713
15,K28,64744.02871440461,6652800.0,102.75542211539654
15,K29,10695.325443390258,6652800.0,622.0287578169441
15,K30,0.0,6652800.0,
15,K31,19011.397058823528,1900800.0,99.98213146139119
15,K32,22988.935588235294,1900800.0,82.68325398122148
15,K33,21210.596239759037,1900800.0,89.6155854608637
15,K34,50811.50183529412,1900800.0,37.40885294360041
15,K35,9946.65266235294,1900800.0,191.09946476711033
16,K1,731307.5161458316,6048000.0,8.270118748231155
16,K3,34540.44818705882,2592000.0,75.04245416743427
16,K2,660201.6921514812,6048000.0,9.160836865307981
16,K5,56672.23444117647,51005.010997,0.8999999999989621
16,K6,19448.627448235293,29366.500423,1.5099523347425023
16,K4,551070.7456544954,6048000.0,10.974997398595193
16,K8,26251.738852941176,46140.063039,1.7576002602140235
16,K7,497265.4695188294,6048000.0,12.162517549936144
16,K11,12834.518432941177,87551.520426,6.8215664563844935
16,K9,459567.6776099468,6048000.0,13.160194449386792
16,K12,13635.54406,42906.161145,3.146640937552733
16,K10,418358.07289335,6048000.0,14.456515582864796
16,K14,17243.26654705882,1728000.0,100.21303070877508
16,K13,380196.9027016237,6048000.0,15.907546739659885
16,K16,38378.07235625,1728000.0,45.025711139412905
16,K15,303799.1400752113,6048000.0,19.907890451904183
16,K18,5849.03845875,1728000.0,295.43317456136054
16,K19,19218.4066125,1728000.0,89.91380164035438
16,K20,18943.63095875,1728000.0,91.2179932011314
16,K21,20364.94936235294,1728000.0,84.85167182366855
16,K22,7150.000005,1728000.0,241.67832150931585
16,K23,26005.714291764707,1728000.0,66.4469347241583
16,K17,191077.4433823331,6048000.0,31.65208772392019
16,K25,20926.547157894736,1728000.0,82.57453974427385
16,K24,154864.7007538517,6048000.0,39.05344452647695
16,K26,121901.81875990561,6048000.0,49.61369782276974
16,K27,90634.51493249855,6048000.0,66.72954563175342
16,K28,59150.47006929658,6048000.0,102.24770814018187
16,K29,7901.268032890575,6048000.0,765.4467580170696
16,K30,0.0,6048000.0,
16,K31,22122.352941176472,1728000.0,78.11104020421187
16,K32,25172.212889411763,1728000.0,68.64712322240258
16,K33,23326.938519277108,1728000.0,74.07744477793351
16,K34,48291.67853294118,1728000.0,35.782562389528046
16,K35,7348.179270588235,1728000.0,235.16029432168037
17,K1,865049.4103920248,6048000.0,6.991508146637722
17,K3,39009.635834117646,2592000.0,66.4451216879356
17,K2,782787.3040383059,6048000.0,7.726236704145676
17,K5,67835.57420588235,86932.180615,1.2815131534253554
17,K6,19841.96078235294,29366.500423,1.4800200819426073
17,K4,655970.4038481553,6048000.0,9.2199281621858
17,K8,31051.540605882354,27946.386545,0.899999999990528
17,K7,592120.3430498652,6048000.0,10.214139863609905
17,K11,19146.218490588235,87551.520426,4.5727839400264845
17,K9,543368.1074067837,6048000.0,11.130575971534272
17,K12,11525.826334117646,42906.161145,3.722610414317392
17,K10,499240.19462825905,6048000.0,12.114409186350514
17,K14,21232.49299764706,1728000.0,81.38469656820295
17,K13,453045.69189919904,6048000.0,13.349646863755316
17,K16,47375.23807125,1728000.0,36.47475074217409
17,K15,360365.88463802915,6048000.0,16.78294271966098
17,K18,7900.0,1728000.0,218.73417721518987
17,K19,29026.19048,1728000.0,59.532441957571
17,K20,23531.19046625,1728000.0,73.43444873638725
17,K21,21742.633050588236,1728000.0,79.47519493059971
17,K22,9086.2499975,1728000.0,190.17746600362565
17,K23,28412.268898823528,1728000.0,60.818796490819906
17,K17,222649.05751296593,6048000.0,27.163824844162193
17,K25,29054.636588421054,1728000.0,59.47415637918005
17,K24,175782.4963235076,6048000.0,34.40615605361155
17,K26,135824.78040439147,6048000.0,44.52795713707965
17,K27,100325.67025005425,6048000.0,60.28367400811588
17,K28,68876.2795926096,6048000.0,87.80962089957234
17,K29,7643.8661518026565,6048000.0,791.2226456992182
17,K30,0.0,6048000.0,
17,K31,27652.941176470587,1728000.0,62.488832163369494
17,K32,28707.871134117646,1728000.0,60.19255109259466
17,K33,22420.080334939757,1728000.0,77.07376486546576
17,K34,57788.59946117647,1728000.0,29.902091694762472
17,K35,7108.79552117647,1728000.0,243.0791538246446
18,K1,1039805.0750341734,6048000.0,5.816474784758317
18,K3,47096.47059294118,2592000.0,55.03597121752239
18,K2,940718.3506895236,6048000.0,6.429129394113513
18,K5,79512.5490317647,86932.180615,1.0933139696008387
18,K6,23725.49020117647,29366.500423,1.2377615878108943
18,K4,790444.3939221062,6048000.0,7.651392111202696
18,K8,37979.21569058824,46140.063039,1.2148766687257877
18,K7,712942.9585354127,6048000.0,8.483147112392146
18,K11,22823.52941764706,87551.520426,3.8360202238618504
18,K9,654472.281190995,6048000.0,9.241033079344438
18,K12,11979.607848235295,42906.161145,3.5815998059836716
18,K10,603224.3364713,6048000.0,10.026120688994698
18,K14,25945.09804352941,1728000.0,66.60217653064353
18,K13,547118.0216042056,6048000.0,11.05428766953545
18,K16,57007.08333625,1728000.0,30.31202262721603
18,K15,435399.13610753504,6048000.0,13.890702802189903
18,K18,7900.0,1728000.0,218.73417721518987
18,K19,30633.3333425,1728000.0,56.40914035308758
18,K20,30076.25000125,1728000.0,57.45397115425568
18,K21,26856.078436470587,1728000.0,64.34297561677411
18,K22,12721.25,1728000.0,135.8357079689496
18,K23,35529.01961176471,1728000.0,48.636298408521476
18,K17,269913.24791017297,6048000.0,22.407199523651286
18,K25,31761.40351473684,1728000.0,54.4056561983551
18,K24,216558.7845626223,6048000.0,27.92775186753553
18,K26,146093.78729029757,6048000.0,41.398064299491686
18,K27,104888.90184342975,6048000.0,57.661009827598335
18,K28,73028.82034258131,6048000.0,82.81661913239971
18,K29,9752.477338393423,6048000.0,620.1501208508647
18,K30,0.0,6048000.0,
18,K31,55305.882352941175,1728000.0,31.244416081684747
18,K32,33900.196082352944,1728000.0,50.9731564915498
18,K33,22420.080334939757,1728000.0,77.07376486546576
18,K34,59624.90198705882,1728000.0,28.981179715398955
18,K35,9069.803924705882,1728000.0,190.52231055326104
19,K1,1166950.0273528458,6048000.0,5.182741212765997
19,K3,57332.25491411765,2592000.0,45.21015271216446
19,K2,1051270.2710710857,6048000.0,5.753040075829407
19,K5,82008.23532117647,86932.180615,1.0600420832680941
19,K6,21760.000004705882,29366.500423,1.3495634382651247
19,K4,894938.5221916491,6048000.0,6.758006108831724
19,K8,40195.68628588235,46140.063039,1.1478859375814525
19,K7,809995.9097961843,6048000.0,7.466704370793467
19,K11,28611.764711764707,87551.520426,3.0599832379440826
19,K9,740884.3495946104,6048000.0,8.163217381105815
19,K12,9261.960783529412,42906.161145,4.63251380002604
19,K10,687169.3278354043,6048000.0,8.801324149684195
19,K14,32300.000002352943,1728000.0,53.49845200848673
19,K13,620510.8614412812,6048000.0,9.746807631943959
19,K16,65724.375015,1728000.0,26.291615547589853
19,K15,492735.40028215304,6048000.0,12.27433627974925
19,K18,8558.33332625,1728000.0,201.9084714426701
19,K19,38133.3333425,1728000.0,45.31468530379236
19,K20,35473.8541725,1728000.0,48.7119327828657
19,K21,26431.176475294116,1728000.0,65.3773395828674
19,K22,18420.0,1728000.0,93.81107491856677
19,K23,44022.549024705884,1728000.0,39.25261117956231
19,K17,297059.3839267954,6048000.0,20.359565552355733
19,K25,44392.98246210526,1728000.0,38.925071129768206
19,K24,228901.6507505465,6048000.0,26.421827803203644
19,K26,135450.2999038906,6048000.0,44.6510639274434
19,K27,91720.92215340196,6048000.0,65.93915388121377
19,K28,69370.75803068011,6048000.0,87.18370927019701
19,K29,8262.80834914611,6048000.0,731.954529796762
19,K30,0.0,6048000.0,
19,K31,77428.23529411765,1728000.0,22.31744005834625
19,K32,36956.86275529412,1728000.0,46.75721560679449
19,K33,14095.281128915663,1728000.0,122.59422030647596
19,K34,57639.41178,1728000.0,29.97948706686125
19,K35,7684.411764705882,1728000.0,224.8708232862556
20,K1,1026045.7849268068,6652800.0,6.483921183375437
20,K3,49295.51470235294,2851200.0,57.83893356658488
20,K2,925447.9809781135,6652800.0,7.188734684977757
20,K5,73095.02825647058,95625.398677,1.3082339655369783
20,K6,22187.654595294116,32303.150466,1.4559064964374975
20,K4,783892.899077443,6652800.0,8.486873663263978
20,K8,36603.785811764705,50754.069343,1.3865797817745753
20,K7,708094.4683118062,6652800.0,9.39535654876839
20,K11,21441.779790588236,96306.672469,4.491542838774668
20,K9,651247.9651056277,6652800.0,10.215463781020743
20,K12,11494.509805882353,47196.777259,4.106027839033805
20,K10,600678.5773934077,6652800.0,11.075474056140383
20,K14,25067.873305882353,1900800.0,75.82613717590331
20,K13,545576.7752178549,6652800.0,12.194067457038402
20,K16,56212.11336875,1900800.0,33.81477560772002
20,K15,434806.9843273194,6652800.0,15.300582188881819
20,K18,17363.54167375,1900800.0,109.47075404976897
20,K19,24800.9615425,1900800.0,76.64218972892269
20,K20,30166.243985,1900800.0,63.01082763055163
20,K21,27199.884987058824,1900800.0,69.88264843415197
20,K22,14531.08974625,1900800.0,130.80918452730185
20,K23,38108.759428235295,1900800.0,49.87829644729058
20,K17,260896.15374815936,6652800.0,25.499800991400917
20,K25,29184.61539368421,1900800.0,65.1302055675316
20,K24,210839.8460546224,6652800.0,31.553807899653158
20,K26,118652.82153668118,6652800.0,56.069463109592434
20,K27,79957.49758690594,6652800.0,83.20420474351464
20,K28,56996.30890287959,6652800.0,116.72334802129414
20,K29,8967.790589500317,6652800.0,741.8549679102947
20,K30,0.0,6652800.0,
20,K31,77428.23529411765,1900800.0,24.549184064180874
20,K32,32762.682872941175,1900800.0,58.01722671405149
20,K33,15765.013901204818,1900800.0,120.57077855508481
20,K34,45178.7028682353,1900800.0,42.07292107397873
20,K35,8340.045248235294,1900800.0,227.91243253772495
21,K1,817194.8832246873,6048000.0,7.40092739706632
21,K3,44113.56198352941,2592000.0,58.75744064756706
21,K2,732221.5770799235,6048000.0,8.25979483439867
21,K5,68809.21216941177,86932.180615,1.263379973032805
21,K6,18690.3803,29366.500423,1.5712093575217407
21,K4,608110.9057565156,6048000.0,9.945554244708099
21,K8,31739.198442352943,46140.063039,1.4537248986549853
21,K7,545966.1620263369,6048000.0,11.077609604142923
21,K11,16829.655235294118,87551.520426,5.202217110329886
21,K9,501838.1986897259,6048000.0,12.051693186750274
21,K12,8848.131857647058,42906.161145,4.849177412282578
21,K10,462879.77491069527,6048000.0,13.06602778478895
21,K14,19254.68648,1728000.0,89.74438518097335
21,K13,420481.0996851605,6048000.0,14.383524026474676
21,K16,50061.89073125,1728000.0,34.51727401341107
21,K15,328371.09898539446,6048000.0,18.418186066578922
21,K18,3703.125,1728000.0,466.63291139240505
21,K19,24602.48624375,1728000.0,70.23680382867728
21,K20,24492.96502625,1728000.0,70.55087034779332
21,K21,20396.41105882353,1728000.0,84.72078715301551
21,K22,9620.62728625,1728000.0,179.6140676263068
21,K23,30492.414874117647,1728000.0,56.66983107548981
21,K17,198644.51454693355,6048000.0,30.44634790844448
21,K25,27591.798705263158,1728000.0,62.627305253223035
21,K24,155161.1546779157,6048000.0,38.97882825475531
21,K26,111116.34443869692,6048000.0,54.42943637636219
21,K27,74746.94421440913,6048000.0,80.91300672642232
21,K28,52720.066797762905,6048000.0,114.71912627122539
21,K29,5695.397263757116,6048000.0,1061.9101214390585
21,K30,0.0,6048000.0,
21,K31,33183.529411764706,1728000.0,52.074026802807914
21,K32,30813.58300235294,1728000.0,56.07916482377428
21,K33,15299.652437349398,1728000.0,112.94374215858781
21,K34,44388.66619411765,1728000.0,38.92885612834641
21,K35,5296.719455294117,1728000.0,326.23966864487204
22,K1,1285985.3954915367,6048000.0,4.703008308806103
22,K3,78143.71208,2592000.0,33.16965538246286
22,K2,1143542.41363696,6048000.0,5.2888287551702975
22,K5,82792.55296705883,86932.180615,1.0499999999950265
22,K6,27968.09564117647,29366.500423,1.049999999991587
22,K4,975604.6443468767,6048000.0,6.19923248115415
22,K8,43942.91718,46140.063039,1.05
22,K7,882881.4949495329,6048000.0,6.8502964832734605
22,K11,80493.9087682353,87551.520426,1.0876788289420205
22,K9,758243.5114338209,6048000.0,7.976329383371012
22,K12,40863.010614117644,42906.161145,1.0500000000043186
22,K10,671885.890133674,6048000.0,9.001528516690133
22,K14,13252.702077647058,1728000.0,130.38850416131865
22,K13,625038.8935493432,6048000.0,9.67619785331414
22,K16,86946.4730575,1728000.0,19.874296670518515
22,K15,475588.5311369089,6048000.0,12.716875206267213
22,K18,1899.03845875,1728000.0,909.9341785512958
22,K19,18875.71118875,1728000.0,91.54621951568612
22,K20,23265.88695,1728000.0,74.27182998497291
22,K21,39257.180624705885,1728000.0,44.017424901688194
22,K22,24546.95808125,1728000.0,70.39568790073093
22,K23,44978.83145882353,1728000.0,38.418072323242114
22,K17,298985.4978177841,6048000.0,20.228405873003037
22,K25,20699.99628,1728000.0,83.47827587145827
22,K24,254366.66171236135,6048000.0,23.776700764501513
22,K26,218125.70129367252,6048000.0,27.72713148487396
22,K27,160254.18169134183,6048000.0,37.740044822348366
22,K28,114917.07023309698,6048000.0,52.62925679998872
22,K29,24091.608944971536,6048000.0,251.04176370347213
22,K30,0.0,6048000.0,
22,K31,18435.294098823528,1728000.0,93.73324834076145
22,K32,46965.23453764706,1728000.0,36.79317301428241
22,K33,30914.235106024098,1728000.0,55.89657949076261
22,K34,85079.60777647058,1728000.0,20.31038982384556
22,K35,22405.196318823528,1728000.0,77.12496580751832
23,K1,1191508.0215769606,6048000.0,5.075920506179616
23,K3,72747.96626588235,2592000.0,35.62986201602734
23,K2,1059184.6542322303,6048000.0,5.710052516181898
23,K5,78460.56567058823,86932.180615,1.1079729016991708
23,K6,27065.896494117645,29366.500423,1.0850001007497518
23,K4,900698.9593559129,6048000.0,6.714785153437844
23,K8,41960.924762352945,46140.063039,1.0995959526706274
23,K7,813703.0866257643,6048000.0,7.432686565169165
23,K11,77703.79279294118,87551.520426,1.1267341950643293
23,K9,695314.1395015349,6048000.0,8.698226681159918
23,K12,39954.8011717647,42906.161145,1.0738674674051678
23,K10,613640.4899596781,6048000.0,9.85593372496885
23,K14,8747.081584705882,1728000.0,197.55160429981325
23,K13,574211.3838769883,6048000.0,10.532706542954303
23,K16,81474.60663125,1728000.0,21.209062202912396
23,K15,435315.6388580395,6048000.0,13.8933671573704
23,K18,3798.0769175,1728000.0,454.9670892756479
23,K19,13396.88939125,1728000.0,128.9851658496651
23,K20,20281.48333,1728000.0,85.20086878675062
23,K21,38361.09680823529,1728000.0,45.045635911771846
23,K22,22092.2018975,1728000.0,78.21764476068563
23,K23,40277.31237882353,1728000.0,42.902564693182576
23,K17,275342.7961918287,6048000.0,21.965346773722803
23,K25,12967.25684,1728000.0,133.2587162667783
23,K24,240348.1156564824,6048000.0,25.16350079750201
23,K26,205664.55636523452,6048000.0,29.407108871299677
23,K27,151143.70121167868,6048000.0,40.014899407086105
23,K28,107312.45036407337,6048000.0,56.35879135628033
23,K29,23696.897714104998,6048000.0,255.22328167032921
23,K30,0.0,6048000.0,
23,K31,17859.19119529412,1728000.0,96.75690131226808
23,K32,44237.62733529412,1728000.0,39.061769450310216
23,K33,30228.31773855422,1728000.0,57.164940998223344
23,K34,78249.9301317647,1728000.0,22.08308681030422
23,K35,22038.114874117648,1728000.0,78.40961034418716
24,K1,1066595.5318295355,6048000.0,5.670378151337125
24,K3,63663.46064235294,2592000.0,40.71409210003954
24,K2,949602.2945957059,6048000.0,6.368982082730689
24,K5,63959.33920117647,86932.180615,1.3591788423824267
24,K6,22256.20826,29366.500423,1.3194745519963067
24,K4,815906.6324047442,6048000.0,7.412612864997264
24,K8,36192.9966882353,46140.063039,1.2748340082598921
24,K7,738918.3040962716,6048000.0,8.184937315089197
24,K11,83382.40040588235,87551.520426,1.0499999999978835
24,K9,618589.9884855757,6048000.0,9.777073849524527
24,K12,38425.82106,42906.161145,1.116597120410366
24,K10,543048.7681164411,6048000.0,11.137121295712397
24,K14,4151.091083529412,1728000.0,416.27609831456414
24,K13,511745.23862708965,6048000.0,11.81838059934974
24,K16,73353.041195,1728000.0,23.55730548930242
24,K15,387217.6735693807,6048000.0,15.619121782973922
24,K18,4177.884625,1728000.0,413.6064432368091
24,K19,10316.93549375,1728000.0,167.49159680670897
24,K20,15178.316535,1728000.0,113.84661770726473
24,K21,34990.72063411765,1728000.0,49.384521629860814
24,K22,21884.12299,1728000.0,78.96135480455915
24,K23,33108.36812941176,1728000.0,52.192243158760036
24,K17,248200.44148363225,6048000.0,24.367402265071473
24,K25,6820.373521052632,1728000.0,253.35855795377418
24,K24,221524.03264388905,6048000.0,27.301778176467483
24,K26,187005.95329999327,6048000.0,32.34121637987563
24,K27,140348.11672675834,6048000.0,43.09284756399519
24,K28,101710.95644062718,6048000.0,59.46262046538185
24,K29,23887.647677419354,6048000.0,253.1852479437348
24,K30,0.0,6048000.0,
24,K31,19011.397058823528,1728000.0,90.8928467830829
24,K32,37307.53890823529,1728000.0,46.3177162195108
24,K33,26005.829780722892,1728000.0,66.44663964081235
24,K34,72737.76094117647,1728000.0,23.756573994591964
24,K35,22215.51234,1728000.0,77.78348631143926
25,K1,100756.03958135142,6652800.0,66.02879616589598
25,K3,1111.764705882353,2851200.0,2564.5714285714284
25,K2,94606.4728964015,6652800.0,70.32076977740336
25,K5,3250.360536470588,95625.398677,29.419935912966462
25,K6,1083.5294117647059,975.176471,0.9000000003800217
25,K4,85542.25930334612,6652800.0,77.77208661754115
25,K8,2240.5692611764707,50754.069343,22.652309938569015
25,K7,79024.57707700235,6652800.0,84.18646762914587
25,K11,4616.6983,96306.672469,20.860508140417146
25,K9,70456.64992315223,6652800.0,94.42401827586573
25,K12,0.0,47196.777259,
25,K10,66229.25092776309,6652800.0,100.4510832721976
25,K14,2732.44782,1900800.0,695.639999449285
25,K13,60185.34056137494,6652800.0,110.53854539903622
25,K16,1102.5,1900800.0,1724.0816326530612
25,K15,53064.306505237444,6652800.0,125.37241015942362
25,K18,0.0,1900800.0,
25,K19,4689.51614125,1900800.0,405.3296636043432
25,K20,1875.0,1900800.0,1013.76
25,K21,1764.7058823529412,1900800.0,1077.12
25,K22,1575.0,1900800.0,1206.857142857143
25,K23,2117.6470588235293,1900800.0,897.6
25,K17,38389.2220975491,6652800.0,173.2986405167282
25,K25,3100.169787368421,1900800.0,613.1277092450778
25,K24,32217.914542376755,6652800.0,206.49381235552855
25,K26,13370.895818528028,6652800.0,497.55828556985887
25,K27,12349.409851131039,6652800.0,538.7140017375563
25,K28,9036.252892240087,6652800.0,736.2343749490582
25,K29,1138.5199240986717,6652800.0,5843.376
25,K30,0.0,6652800.0,
25,K31,16591.764705882353,1900800.0,114.56285896617742
25,K32,352.94117647058823,1900800.0,5385.6
25,K33,2201.7100722891564,1900800.0,863.3289296004832
25,K34,7445.920323529412,1900800.0,255.28073326186347
25,K35,1058.8235294117646,1900800.0,1795.2
26,K1,58353.615291004615,6048000.0,103.64396395731659
26,K3,1111.764705882353,2592000.0,2331.4285714285716
26,K2,54324.16982057203,6048000.0,111.33165992183615
26,K5,1337.6470588235295,86932.180615,64.98887732871592
26,K6,1083.5294117647059,975.176471,0.9000000003800217
26,K4,49186.784858955194,6048000.0,122.9598563383
26,K8,1669.4117647058824,46140.063039,27.63851556247357
26,K7,45058.03385130155,6048000.0,134.22689547349827
26,K11,1764.7058823529412,87551.520426,49.6125282414
26,K9,41040.426276383536,6048000.0,147.36689037463253
26,K12,0.0,42906.161145,
26,K10,38578.00069980052,6048000.0,156.7732876325878
26,K14,1764.7058823529412,1728000.0,979.2
26,K13,34884.39478245755,6048000.0,173.37265094366435
26,K16,1102.5,1728000.0,1567.3469387755101
26,K15,30293.4553042118,6048000.0,199.64708347941828
26,K18,0.0,1728000.0,
26,K19,0.0,1728000.0,
26,K20,1875.0,1728000.0,921.6
26,K21,1764.7058823529412,1728000.0,979.2
26,K22,1575.0,1728000.0,1097.142857142857
26,K23,2117.6470588235293,1728000.0,816.0
26,K17,21446.42959782474,6048000.0,282.00498234043744
26,K25,0.0,1728000.0,
26,K24,19730.715229998757,6048000.0,306.5271547178668
26,K26,1757.800458016493,6048000.0,3440.6635704399464
26,K27,1316.9692586450801,6048000.0,4592.36232
26,K28,1198.4420253670228,6048000.0,5046.552
26,K29,1138.5199240986717,6048000.0,5312.16
26,K30,0.0,6048000.0,
26,K31,16591.764705882353,1728000.0,104.14805360561583
26,K32,352.94117647058823,1728000.0,4896.0
26,K33,0.0,1728000.0,
26,K34,0.0,1728000.0,
26,K35,1058.8235294117646,1728000.0,1632.0
