family,family_label,capacity_rule,instance,G1_closed_vs_lp,G3_operator_balance,G4_node_residual,G5_physical_abs,G5_physical_rel,G6_floor,G7_satisfaction,G8_variation_excess,lambda_star,bottleneck_class,bottleneck_count,bottleneck_slack_lp,bottleneck_slack_stage3,bottleneck_tight,lp_relax_others,lp_relax_named,bottleneck_sufficient,bottleneck_necessary,bottleneck_identified,omega_stage2,omega_stage3,stage2_face_width,stage2_multiplicity_not_detected,stage3_active,stage3_outcome,stage3_relative_reduction,ratios_moved_by_stage3,users,edges,periods,active_records,gate_violations
load_independent,"Load-independent volume scales, lining classes, uniform weights",load_independent,load_independent_0,0.0,0.0,0.0,0.0,0.0,0.0,0.0,0.0,1.0,demand (lambda* = 1),0,0.0,0.0,True,1.0,1.0,True,True,True,0.0,0.0,0.0,True,False,inactive: multiplicity not detected,0.0,0,1,3,3,3,0
load_independent,"Load-independent volume scales, lining classes, uniform weights",load_independent,load_independent_1,0.0,0.0,0.0,0.0,0.0,0.0,0.0,8.881784197001252e-15,0.23714834364282225,edge,1,0.0,0.0,True,0.23714834364282225,0.23738549198646508,True,True,True,4.123449294633897,4.123449294633906,0.0,True,False,inactive: multiplicity not detected,-2.1539695440319042e-15,0,5,8,3,14,0
load_independent,"Load-independent volume scales, lining classes, uniform weights",load_independent,load_independent_2,0.0,0.0,0.0,5.684341886080802e-14,2.2093157355737203e-16,0.0,1.6653345369377348e-16,0.0,0.21696481815991717,edge,1,0.0,1.6035848329336876e-16,True,0.21696481815991717,0.21718178297807708,True,True,True,8.878016422286317,8.442601687625674,0.21429162064580032,False,True,active,0.049044146118904425,4,12,21,3,34,0
load_independent,"Load-independent volume scales, lining classes, uniform weights",load_independent,load_independent_3,5.551115123125783e-17,0.0,0.0,0.0,0.0,0.0,0.0,7.105427357601002e-15,0.4898816580498628,edge,1,0.0,0.0,True,0.48988165804986283,0.4903715397079127,True,True,True,1.44149982261029,1.441499822610297,1.1505524366378967,False,False,inactive: multiplicity detected; no reduction above the activity threshold,-4.929190587574534e-15,0,7,11,3,20,0
load_independent,"Load-independent volume scales, lining classes, uniform weights",load_independent,load_independent_4,0.0,0.0,0.0,0.0,0.0,2.7755575615628914e-16,0.0,0.0,0.47424452697753106,source,1,1.8939566379184175e-16,0.0,True,0.47424452697753106,0.4747187715045086,True,True,True,3.680288311157283,3.6802883111572635,0.2399865650785351,False,False,inactive: multiplicity detected; no reduction above the activity threshold,5.309346328700628e-15,0,11,21,3,28,0
load_independent,"Load-independent volume scales, lining classes, uniform weights",load_independent,load_independent_5,2.7755575615628914e-17,0.0,0.0,2.842170943040401e-14,1.4227885037303798e-16,6.63358257213531e-15,0.0,1.7763568394002505e-13,0.1969303714409681,source,1,1.6729040620230402e-16,1.6729040620230402e-16,True,0.19693037144096812,0.1971273018124091,True,True,True,8.402197415968088,8.402197415968265,0.033952202997369785,False,False,inactive: multiplicity detected; no reduction above the activity threshold,-2.1141574655510298e-14,0,11,20,3,32,0
load_independent,"Load-independent volume scales, lining classes, uniform weights",load_independent,load_independent_6,2.220446049250313e-16,0.0,0.0,0.0,0.0,1.2212453270876722e-15,0.0,0.0,0.8223423175615272,edge,1,1.2056027196718484e-16,0.0,True,0.822342317561527,0.8231646598790885,True,True,True,0.7106307297538924,0.7106307297538924,0.0,True,False,inactive: multiplicity not detected,0.0,0,5,9,3,13,0
load_independent,"Load-independent volume scales, lining classes, uniform weights",load_independent,load_independent_7,5.551115123125783e-17,0.0,0.0,0.0,0.0,0.0,1.1102230246251565e-16,0.0,0.3182233766214665,edge,1,0.0,0.0,True,0.31822337662146655,0.31854159999808795,True,True,True,3.5025665353031146,2.894495492830119,0.35875525830807775,False,True,active,0.1736072780756962,2,6,10,3,17,0
load_independent,"Load-independent volume scales, lining classes, uniform weights",load_independent,load_independent_8,1.1102230246251565e-16,0.0,0.0,0.0,0.0,1.0769163338864018e-14,0.0,0.0,0.44126569603739924,source,1,1.5521329131604142e-16,0.0,True,0.4412656960373991,0.44170696173343654,True,True,True,5.480375399865328,5.2460674659456075,0.36274502983691925,False,True,active,0.04275399344458744,2,9,15,3,26,0
load_independent,"Load-independent volume scales, lining classes, uniform weights",load_independent,load_independent_9,1.3877787807814457e-17,0.0,0.0,0.0,0.0,7.494005416219807e-16,0.0,0.0,0.11952367375035791,edge,1,0.0,0.0,True,0.1195236737503579,0.11964319742410827,True,True,True,8.804763262496422,8.80476326249634,5.417888360170764e-14,True,False,inactive: multiplicity not detected,9.280478324779345e-15,0,8,12,3,20,0
load_independent,"Load-independent volume scales, lining classes, uniform weights",load_independent,load_independent_10,5.551115123125783e-17,0.0,0.0,0.0,0.0,1.326716514427062e-14,1.1102230246251565e-16,0.0,0.3538426546922147,source,1,1.7380170943772304e-16,3.476034188754461e-16,True,0.35384265469221476,0.354196497346907,True,True,True,6.336927299501862,6.095230661506641,1.794590181716348,False,True,active,0.038140983251333783,4,16,27,3,45,0
load_independent,"Load-independent volume scales, lining classes, uniform weights",load_independent,load_independent_11,5.551115123125783e-17,0.0,0.0,1.4210854715202004e-14,1.2647008922047822e-16,0.0,4.440892098500626e-16,0.0,0.346764483784939,source,1,1.2647008922047822e-16,1.2647008922047822e-16,True,0.34676448378493907,0.34711124826872397,True,True,True,5.568314263562222,5.4731947819416975,0.6026483885341749,False,True,active,0.017082276092598526,4,9,15,3,27,0
load_independent,"Load-independent volume scales, lining classes, uniform weights",load_independent,load_independent_12,0.0,0.0,0.0,0.0,0.0,0.0,2.220446049250313e-16,0.0,0.7015422983863648,edge,1,0.0,0.0,True,0.7015422983863648,0.7022438406847512,True,True,True,0.9980368647783577,0.9980368647783435,4.107825191113079e-15,True,False,inactive: multiplicity not detected,1.4238807419561527e-14,0,4,7,3,11,0
load_independent,"Load-independent volume scales, lining classes, uniform weights",load_independent,load_independent_13,0.0,0.0,0.0,0.0,0.0,1.1102230246251565e-16,0.0,0.0,0.8688971127699477,edge,1,0.0,0.0,True,0.8688971127699477,0.8697660098827176,True,True,True,0.2622057744601046,0.2622057744601046,8.881784197001252e-16,True,False,inactive: multiplicity not detected,0.0,0,3,7,3,7,0
load_independent,"Load-independent volume scales, lining classes, uniform weights",load_independent,load_independent_14,2.7755575615628914e-17,0.0,0.0,0.0,0.0,0.0,2.220446049250313e-16,9.325873406851315e-15,0.17918938430199538,edge,1,1.4089750231116385e-16,0.0,True,0.17918938430199535,0.17936857368629738,True,True,True,1.6416212313960092,1.6416212313960186,0.0,True,False,inactive: multiplicity not detected,-5.68089229628246e-15,0,6,12,3,17,0
load_independent,"Load-independent volume scales, lining classes, uniform weights",load_independent,load_independent_15,0.0,0.0,0.0,7.105427357601002e-15,1.6306115436011094e-16,1.6653345369377348e-16,0.0,0.0,0.14101992830402849,edge,1,0.0,0.0,True,0.14101992830402849,0.1411609482323325,True,True,True,2.1020566335592132,2.1020566335592106,0.007439654738404133,False,False,inactive: multiplicity detected; no reduction above the activity threshold,1.2675849054498455e-15,0,6,9,3,16,0
load_independent,"Load-independent volume scales, lining classes, uniform weights",load_independent,load_independent_16,0.0,0.0,0.0,2.842170943040401e-14,2.0658281477651066e-16,0.0,1.1102230246251565e-16,0.0,0.48437452092254496,edge,1,0.0,1.2744186817167837e-16,True,0.48437452092254496,0.4848588954434675,True,True,True,3.4808195294364266,3.4808195294356974,0.330149827955565,False,False,inactive: multiplicity detected; no reduction above the activity threshold,2.0948931032108563e-13,2,8,14,3,21,0
load_independent,"Load-independent volume scales, lining classes, uniform weights",load_independent,load_independent_17,5.551115123125783e-17,0.0,0.0,1.4210854715202004e-14,1.151781169686498e-16,0.0,5.551115123125783e-17,0.0,0.38196990385976415,source,1,1.151781169686498e-16,1.151781169686498e-16,True,0.3819699038597641,0.38235187376362384,True,True,True,4.0790862881549925,3.862709011380607,0.0003029127750166227,False,True,active,0.053045525759705135,2,11,20,3,32,0
load_independent,"Load-independent volume scales, lining classes, uniform weights",load_independent,load_independent_18,0.0,0.0,0.0,1.4210854715202004e-14,1.7123826239586872e-16,0.0,0.0,0.0,0.4194472327794117,source,1,0.0,1.7123826239586872e-16,True,0.4194472327794117,0.41986668001219113,True,True,True,2.549840797901486,2.5498407979014726,0.22707030242947496,False,False,inactive: multiplicity detected; no reduction above the activity threshold,5.224905141711756e-15,0,7,13,3,20,0
load_independent,"Load-independent volume scales, lining classes, uniform weights",load_independent,load_independent_19,5.551115123125783e-17,0.0,0.0,0.0,0.0,0.0,1.1102230246251565e-16,0.0,0.46540038156433033,edge,1,1.5731645244498507e-16,0.0,True,0.4654003815643303,0.4658657819458946,True,True,True,4.656298022168526,2.808326155627501,0.42206000273883937,False,True,active,0.3968757707824701,4,13,21,3,34,0
load_independent,"Load-independent volume scales, lining classes, uniform weights",load_independent,load_independent_20,1.1102230246251565e-16,0.0,0.0,0.0,0.0,1.1102230246251565e-16,0.0,0.0,0.5802785452456343,edge,1,1.8970513383071733e-16,0.0,True,0.5802785452456342,0.5808588237908799,True,True,True,2.5183287285261944,2.5183287285261935,2.7755575615628914e-16,True,False,inactive: multiplicity not detected,3.526856560223237e-16,0,3,5,3,9,0
load_independent,"Load-independent volume scales, lining classes, uniform weights",load_independent,load_independent_21,0.0,0.0,0.0,0.0,0.0,0.0,0.0,0.0,0.5195763004630424,edge,1,0.0,0.0,True,0.5195763004630424,0.5200958767635053,True,True,True,0.9410633147704927,0.9410633147704923,1.0436096431476471e-14,True,False,inactive: multiplicity not detected,3.5392614095128724e-16,0,2,6,3,6,0
load_independent,"Load-independent volume scales, lining classes, uniform weights",load_independent,load_independent_22,0.0,0.0,0.0,2.5366375666635577e-12,4.8761807599847575e-14,2.7755575615628914e-17,0.0,0.0,0.15758257748020343,edge,1,0.0,0.0,True,0.15758257748020343,0.15774016005768363,True,True,True,5.9846598321899425,5.546594132158244,1.2951298767312371,False,True,active,0.07319809518252915,6,11,19,3,33,0
load_independent,"Load-independent volume scales, lining classes, uniform weights",load_independent,load_independent_23,0.0,0.0,0.0,0.0,0.0,0.0,0.0,0.0,0.20371904586459946,edge,1,0.0,0.0,True,0.20371904586459946,0.20392276491046404,True,True,True,8.007875114749918,7.945281580574181,1.228332226974806,False,True,active,0.00781649729532425,2,13,23,3,36,0
load_independent,"Load-independent volume scales, lining classes, uniform weights",load_independent,load_independent_24,5.551115123125783e-17,0.0,0.0,0.0,0.0,6.772360450213455e-15,1.1102230246251565e-16,0.0,0.4384635447813839,source,1,2.364552788276965e-16,2.364552788276965e-16,True,0.43846354478138383,0.4389020083261652,True,True,True,5.13756984502604,5.137569845025924,2.2293278334473143e-13,True,False,inactive: multiplicity not detected,2.264716130202346e-14,0,13,23,3,35,0
load_independent,"Load-independent volume scales, lining classes, uniform weights",load_independent,load_independent_25,0.0,0.0,0.0,0.0,0.0,8.881784197001252e-16,0.0,3.963496197911809e-14,0.9001962482116969,edge,1,0.0,0.0,True,0.9001962482116969,0.9010964444599086,True,True,True,0.3992150071532129,0.39921500715325253,0.0,True,False,inactive: multiplicity not detected,-9.928224457731061e-14,0,4,7,3,11,0
load_independent,"Load-independent volume scales, lining classes, uniform weights",load_independent,load_independent_26,5.551115123125783e-17,0.0,0.0,0.0,0.0,0.0,0.0,0.0,0.4659756645640074,edge,1,0.0,0.0,True,0.46597566456400746,0.4664416402285715,True,True,True,3.7993179341569556,3.7381703480519506,0.037526336721359854,False,True,active,0.01609435882037424,2,6,10,3,16,0
load_independent,"Load-independent volume scales, lining classes, uniform weights",load_independent,load_independent_27,0.0,0.0,0.0,0.0,0.0,2.220446049250313e-16,2.220446049250313e-16,0.0,0.5037512541104251,source,1,1.4548814774987343e-16,0.0,True,0.5037512541104251,0.5042550053645355,True,True,True,3.6502200173962622,3.650220017396259,2.220446049250313e-15,True,False,inactive: multiplicity not detected,8.516266017213534e-16,0,6,11,3,18,0
load_independent,"Load-independent volume scales, lining classes, uniform weights",load_independent,load_independent_28,0.0,0.0,0.0,0.0,0.0,7.216449660063518e-16,0.0,0.0,0.43227765635286375,edge,1,0.0,0.0,True,0.43227765635286375,0.4327099340092166,True,True,True,4.366423078770857,4.049086619032653,0.15942775554971256,False,True,active,0.07267652584584952,4,9,16,3,24,0
load_independent,"Load-independent volume scales, lining classes, uniform weights",load_independent,load_independent_29,0.0,0.0,0.0,0.0,0.0,0.0,1.1102230246251565e-16,6.661338147750939e-14,0.34106499616526587,edge,1,0.0,0.0,True,0.34106499616526587,0.34140606116143113,True,True,True,6.35948180573515,6.359481805735217,0.0,True,False,inactive: multiplicity not detected,-1.0474655563513944e-14,0,10,20,3,28,0
load_independent,"Load-independent volume scales, lining classes, uniform weights",load_independent,load_independent_30,0.0,0.0,0.0,0.0,0.0,0.0,0.0,0.0,0.3784926592304401,edge,1,0.0,0.0,True,0.3784926592304401,0.3788711518896705,True,True,True,4.266957111858403,4.266957111858378,0.3602608972018513,False,False,inactive: multiplicity detected; no reduction above the activity threshold,5.828274130642064e-15,0,5,9,3,15,0
load_independent,"Load-independent volume scales, lining classes, uniform weights",load_independent,load_independent_31,0.0,0.0,0.0,0.0,0.0,0.0,0.0,0.0,1.0,demand (lambda* = 1),0,0.0,0.0,True,1.0,1.0,True,True,True,0.0,0.0,0.0,True,False,inactive: multiplicity not detected,0.0,0,1,3,3,3,0
load_independent,"Load-independent volume scales, lining classes, uniform weights",load_independent,load_independent_32,5.551115123125783e-17,0.0,0.0,2.842170943040401e-14,1.8197420361191065e-16,2.7755575615628914e-16,1.1102230246251565e-16,0.0,0.37502339098671106,edge,1,1.6801670319015774e-16,1.6801670319015774e-16,True,0.375023390986711,0.3753984143776978,True,True,True,4.761951946801551,4.761951946798698,0.04839657561328892,False,False,inactive: multiplicity detected; no reduction above the activity threshold,5.990881713942862e-13,0,11,20,3,27,0
load_independent,"Load-independent volume scales, lining classes, uniform weights",load_independent,load_independent_33,0.0,0.0,0.0,5.684341886080802e-14,1.7985986352346863e-16,2.1094237467877974e-15,1.1102230246251565e-16,0.0,0.2688691600137148,source,1,1.204352094443973e-16,0.0,True,0.2688691600137148,0.26913802917372853,True,True,True,9.47935424208936,8.111130984109193,1.1513051094008668,False,True,active,0.1443371798371146,2,15,25,3,41,0
load_independent,"Load-independent volume scales, lining classes, uniform weights",load_independent,load_independent_34,0.0,0.0,0.0,0.0,0.0,2.220446049250313e-16,0.0,2.220446049250313e-16,0.6270168442370597,edge,1,0.0,0.0,True,0.6270168442370597,0.6276438610812968,True,True,True,0.3729831557629403,0.3729831557629405,0.0,True,False,inactive: multiplicity not detected,-5.953207309612606e-16,0,2,5,3,5,0
load_independent,"Load-independent volume scales, lining classes, uniform weights",load_independent,load_independent_35,0.0,0.0,0.0,0.0,0.0,0.0,0.0,0.0,0.17298023367288468,edge,1,1.727671754529747e-16,0.0,True,0.17298023367288468,0.17315321390655755,True,True,True,5.741050457775148,5.741050457774956,0.12061353182806966,False,False,inactive: multiplicity detected; no reduction above the activity threshold,3.3416626463438906e-14,0,12,20,3,32,0
load_independent,"Load-independent volume scales, lining classes, uniform weights",load_independent,load_independent_36,0.0,0.0,0.0,0.0,0.0,0.0,0.0,0.0,0.7519290750866384,source,1,1.1846892031061122e-16,0.0,True,0.7519290750866384,0.7526810041617251,True,True,True,0.9922836996534461,0.9922836996534458,2.4424906541753444e-15,True,False,inactive: multiplicity not detected,3.3565693712782965e-16,0,4,8,3,11,0
load_independent,"Load-independent volume scales, lining classes, uniform weights",load_independent,load_independent_37,5.551115123125783e-17,0.0,0.0,0.0,0.0,0.0,0.0,0.0,0.2961496806740311,edge,1,1.8428498714983966e-16,0.0,True,0.296149680674031,0.29644583035470506,True,True,True,6.385359869644529,6.385359869644527,0.48485392386120685,False,False,inactive: multiplicity detected; no reduction above the activity threshold,2.781921263114556e-16,0,6,10,3,16,0
load_independent,"Load-independent volume scales, lining classes, uniform weights",load_independent,load_independent_38,0.0,0.0,0.0,0.0,0.0,0.0,5.551115123125783e-17,0.0,0.2795525998336223,source,1,0.0,0.0,True,0.2795525998336223,0.2798321524334559,True,True,True,8.034637992557382,4.901114170062788,1.3223816493785077,False,True,active,0.3900018675884625,7,13,21,3,37,0
load_independent,"Load-independent volume scales, lining classes, uniform weights",load_independent,load_independent_39,0.0,0.0,0.0,0.0,0.0,0.0,1.1102230246251565e-16,1.0658141036401503e-14,0.49893673006274347,source,1,0.0,0.0,True,0.49893673006274347,0.4994356667928062,True,True,True,4.022095510376191,4.022095510376202,0.28603539887766294,False,False,inactive: multiplicity detected; no reduction above the activity threshold,-2.649897549400719e-15,0,6,11,3,17,0
load_independent,"Load-independent volume scales, lining classes, uniform weights",load_independent,load_independent_40,0.0,0.0,0.0,0.0,0.0,0.0,0.0,0.0,1.0,demand (lambda* = 1),0,0.0,0.0,True,1.0,1.0,True,True,True,0.0,0.0,0.0,True,False,inactive: multiplicity not detected,0.0,0,3,5,3,7,0
load_independent,"Load-independent volume scales, lining classes, uniform weights",load_independent,load_independent_41,0.0,0.0,0.0,0.0,0.0,0.0,0.0,0.0,1.0,demand (lambda* = 1),0,0.0,0.0,True,1.0,1.0,True,True,True,0.0,0.0,0.0,True,False,inactive: multiplicity not detected,0.0,0,1,3,3,3,0
load_independent,"Load-independent volume scales, lining classes, uniform weights",load_independent,load_independent_42,0.0,0.0,0.0,0.0,0.0,1.5543122344752192e-15,0.0,0.0,0.8402024951394687,source,1,0.0,1.6729040620230402e-16,True,0.8402024951394687,0.8410426976346081,True,True,True,0.7989875243026583,0.7989875243026583,1.0658141036401503e-14,True,False,inactive: multiplicity not detected,0.0,0,7,12,3,19,0
load_independent,"Load-independent volume scales, lining classes, uniform weights",load_independent,load_independent_43,0.0,0.0,0.0,0.0,0.0,9.103828801926284e-15,2.220446049250313e-16,0.0,0.6819758676738303,source,1,0.0,2.1988549603105866e-16,True,0.6819758676738303,0.6826578435415043,True,True,True,1.5901206616308485,1.5305378364824525,0.09388865038513838,False,True,active,0.037470631371638904,2,6,9,3,15,0
load_independent,"Load-independent volume scales, lining classes, uniform weights",load_independent,load_independent_44,5.551115123125783e-17,0.0,0.0,0.0,0.0,7.771561172376096e-16,2.220446049250313e-16,7.815970093361102e-14,0.42064036931804843,source,1,1.599167243862245e-16,0.0,True,0.4206403693180485,0.4210610096873665,True,True,True,5.315257920219731,5.31525792021981,0.0,True,False,inactive: multiplicity not detected,-1.4704780484176375e-14,0,7,13,3,21,0
load_independent,"Load-independent volume scales, lining classes, uniform weights",load_independent,load_independent_45,0.0,0.0,0.0,0.0,0.0,1.1102230246251565e-16,0.0,0.0,0.6312788530597779,edge,1,0.0,0.0,True,0.6312788530597779,0.6319101319128377,True,True,True,1.3198183113168749,0.9415760105509277,0.2523839805596473,False,True,active,0.2865866441787343,2,7,13,3,18,0
load_independent,"Load-independent volume scales, lining classes, uniform weights",load_independent,load_independent_46,0.0,0.0,0.0,2.842170943040401e-14,2.4545357696490275e-16,0.0,0.0,0.0,0.35476414705726456,source,1,1.2272678848245138e-16,2.4545357696490275e-16,True,0.35476414705726456,0.3551189112043218,True,True,True,5.701387176527857,5.673948358999509,0.722459745039143,False,True,active,0.00481265640777942,2,14,22,3,37,0
load_independent,"Load-independent volume scales, lining classes, uniform weights",load_independent,load_independent_47,5.551115123125783e-17,0.0,0.0,1.4210854715202004e-14,1.7944287775023027e-16,0.0,0.0,0.0,0.465959099262171,edge,1,0.0,1.7944287775023027e-16,True,0.46595909926217105,0.4664250583614332,True,True,True,2.944099502256582,2.944099502256581,0.06680594422456143,False,False,inactive: multiplicity detected; no reduction above the activity threshold,4.525212644915828e-16,2,6,10,3,18,0
load_independent,"Load-independent volume scales, lining classes, uniform weights",load_independent,load_independent_48,0.0,0.0,0.0,0.0,0.0,0.0,2.220446049250313e-16,0.0,0.6959358806206901,edge,1,0.0,0.0,True,0.6959358806206901,0.6966318165013108,True,True,True,1.8243847162758593,1.432555599771324,0.21687630138935132,False,True,active,0.21477329480394974,3,6,9,3,17,0
load_independent,"Load-independent volume scales, lining classes, uniform weights",load_independent,load_independent_49,5.551115123125783e-17,0.0,0.0,0.0,0.0,0.0,0.0,5.1958437552457326e-14,0.37751071580871154,edge,1,0.0,0.0,True,0.3775107158087115,0.3778882265245202,True,True,True,2.2883440614656663,2.2883440614657182,0.0,True,False,inactive: multiplicity not detected,-2.2705692918912884e-14,0,6,10,3,17,0
load_independent,"Load-independent volume scales, lining classes, uniform weights",load_independent,load_independent_50,0.0,0.0,0.0,0.0,0.0,8.326672684688674e-16,0.0,6.661338147750939e-16,0.3972251535239358,source,1,0.0,0.0,True,0.3972251535239358,0.39762237867745975,True,True,True,1.8083245394281928,1.8083245394281935,0.0,True,False,inactive: multiplicity not detected,-3.683707212123168e-16,0,5,11,3,12,0
load_independent,"Load-independent volume scales, lining classes, uniform weights",load_independent,load_independent_51,0.0,0.0,0.0,0.0,0.0,4.163336342344337e-16,0.0,0.0,0.19046791858603698,source,1,0.0,0.0,True,0.19046791858603698,0.190658386504623,True,True,True,9.180562498213478,8.449372231130274,0.7300508213574135,False,True,active,0.07964547566943657,2,12,22,3,34,0
load_independent,"Load-independent volume scales, lining classes, uniform weights",load_independent,load_independent_52,1.1102230246251565e-16,0.0,0.0,0.0,0.0,0.0,2.220446049250313e-16,0.0,0.6675567264075593,source,1,1.2730212928113924e-16,0.0,True,0.6675567264075594,0.6682242831339669,True,True,True,2.213509831581744,2.213509831581672,5.861977570020827e-14,True,False,inactive: multiplicity not detected,3.250152810222715e-14,0,6,11,3,16,0
load_independent,"Load-independent volume scales, lining classes, uniform weights",load_independent,load_independent_53,0.0,0.0,0.0,0.0,0.0,0.0,1.1102230246251565e-16,0.0,0.3893879272186912,edge,1,0.0,0.0,True,0.3893879272186912,0.3897773151459099,True,True,True,2.2149615129353113,2.0733366282650354,1.7514448285358675,False,True,active,0.06394011085212571,5,8,13,3,23,0
load_independent,"Load-independent volume scales, lining classes, uniform weights",load_independent,load_independent_54,0.0,0.0,0.0,0.0,0.0,0.0,0.0,0.0,1.0,demand (lambda* = 1),0,0.0,0.0,True,1.0,1.0,True,True,True,0.0,0.0,0.0,True,False,inactive: multiplicity not detected,0.0,0,3,5,3,8,0
load_independent,"Load-independent volume scales, lining classes, uniform weights",load_independent,load_independent_55,5.551115123125783e-17,0.0,0.0,0.0,0.0,0.0,5.551115123125783e-17,0.0,0.27894337138743186,edge,1,0.0,1.1846892031061122e-16,True,0.2789433713874319,0.27922231475881937,True,True,True,6.0512521292712815,5.507948943765148,0.2236630693235635,False,True,active,0.08978359749349278,2,16,26,3,41,0
load_independent,"Load-independent volume scales, lining classes, uniform weights",load_independent,load_independent_56,0.0,0.0,0.0,1.4210854715202004e-14,1.1727226454989797e-16,5.3512749786932545e-14,1.1102230246251565e-16,0.0,0.21507632691777573,edge,1,0.0,0.0,True,0.21507632691777573,0.2152914032446935,True,True,True,5.415377590293894,4.838693921006847,1.0989160260335329,False,True,active,0.10649002025651001,5,11,19,3,28,0
load_independent,"Load-independent volume scales, lining classes, uniform weights",load_independent,load_independent_57,1.1102230246251565e-16,0.0,0.0,0.0,0.0,6.661338147750939e-16,1.1102230246251565e-16,0.0,0.5333619584088336,source,1,1.1609954190439898e-16,0.0,True,0.5333619584088335,0.5338953203672424,True,True,True,2.9205401102033495,2.9205401102033495,5.773159728050814e-15,True,False,inactive: multiplicity not detected,0.0,0,8,16,3,21,0
load_independent,"Load-independent volume scales, lining classes, uniform weights",load_independent,load_independent_58,1.1102230246251565e-16,0.0,0.0,0.0,0.0,0.0,0.0,0.0,0.7119221520762745,edge,1,0.0,0.0,True,0.7119221520762746,0.7126340742283509,True,True,True,0.2880778479237255,0.2880778479237255,5.551115123125783e-15,True,False,inactive: multiplicity not detected,0.0,0,3,8,3,8,0
load_independent,"Load-independent volume scales, lining classes, uniform weights",load_independent,load_independent_59,2.7755575615628914e-17,0.0,0.0,1.4210854715202004e-14,1.860569581801266e-16,0.0,0.0,8.881784197001252e-16,0.23285770406641346,source,1,0.0,1.860569581801266e-16,True,0.23285770406641343,0.23309056177047985,True,True,True,4.600907994059816,4.600907994059817,0.9826196406768511,False,False,inactive: multiplicity detected; no reduction above the activity threshold,-1.9304416016291634e-16,0,9,17,3,23,0
