rule,block,weight,seasonal_demand,delivery_stage3,delivery_share_of_demand,change_vs_uniform,relative_change_vs_uniform,lowest_period_ratio
uniform,F1,1.0,533245.000012,480664.9000133695,0.9013959812141751,0.0,0.0,0.8499999999996508
uniform,F2,1.0,699970.000031,621058.6430408428,0.8872646585044183,0.0,0.0,0.8499999999996504
uniform,F3,1.0,228302.000014,206880.70001390134,0.9061712118212497,0.0,0.0,0.8499999999996504
uniform,F4,1.0,356226.000011,317606.6083061202,0.8915873863679594,0.0,0.0,0.8499999999996504
uniform,F5,1.0,465268.000014,423028.9290458015,0.9092156112887035,0.0,0.0,0.8499999999996504
uniform,F6,1.0,236855.000012,214343.2718061522,0.9049556555499894,0.0,0.0,0.8499999999996504
uniform,F7,1.0,171960.00001,155548.38710631174,0.9045614509029201,0.0,0.0,0.8499999999996504
uniform,F8,1.0,574179.000006,517685.4500056836,0.9016098638234311,0.0,0.0,0.8499999999996504
uniform,F9,1.0,55300.000002,49612.00000183675,0.8971428571436251,0.0,0.0,0.8499999999996504
uniform,F10,1.0,212386.000023,192614.04326189702,0.906905555173308,0.0,0.0,0.8499999999996504
uniform,F11,1.0,213639.000002,192005.10025503195,0.8987361869941092,0.0,0.0,0.8499999999996504
uniform,F12,1.0,294169.000013,266948.70001228654,0.9074671362396768,0.0,0.0,0.8499999999996504
uniform,F13,1.0,152436.000001,137200.0500008145,0.900050184995109,0.0,0.0,0.8499999999996504
uniform,F14,1.0,347668.000011,313687.05001042073,0.9022603460787183,0.0,0.0,0.8499999999996504
uniform,F15,1.0,252386.000018,227673.8742107924,0.9020859881077193,0.0,0.0,0.8499999999996504
uniform,F16,1.0,371379.0,329069.9999999014,0.8860759493668231,0.0,0.0,0.8499999999996504
uniform,F17,1.0,343194.00001,309578.6750094216,0.9020515364499411,0.0,0.0,0.8499999999996504
uniform,F18,1.0,246373.000035,226835.20003270445,0.9206982908049178,0.0,0.0,0.8499999999996504
uniform,F19,1.0,664248.000067,606829.0250615661,0.9135579256548122,0.0,0.0,0.8499999999996504
uniform,F20,1.0,142618.000009,129974.15000842052,0.9113446409304464,0.0,0.0,0.8499999999996504
synthetic_rank_1_to_20,F1,1.0,533245.000012,480381.4000112767,0.9008643306556393,-283.50000209279824,-0.0005898079973905163,0.8499999999996504
synthetic_rank_1_to_20,F2,2.0,699970.000031,620473.6720724415,0.8864289498763693,-584.9709684012923,-0.0009418932897176069,0.8499999999996504
synthetic_rank_1_to_20,F3,3.0,228302.000014,206788.60001320072,0.9057677987951046,-92.10000070062233,-0.0004451841118791346,0.8499999999996504
synthetic_rank_1_to_20,F4,4.0,356226.000011,317108.08572531905,0.8901879304585487,-498.5225808011601,-0.0015696228219554765,0.8499999999996504
synthetic_rank_1_to_20,F5,5.0,465268.000014,422215.3000125496,0.9074668793036381,-813.6290332518984,-0.0019233413541885841,0.8499999999996504
synthetic_rank_1_to_20,F6,6.0,236855.000012,214343.2718061522,0.9049556555499894,0.0,0.0,0.8499999999996504
synthetic_rank_1_to_20,F7,7.0,171960.00001,154975.0000092604,0.9012270295431969,-573.3870970513381,-0.0036862297817299035,0.8499999999996504
synthetic_rank_1_to_20,F8,8.0,574179.000006,517420.8500056678,0.9011490319225552,-264.6000000158092,-0.0005111211837475907,0.8499999999996504
synthetic_rank_1_to_20,F9,9.0,55300.000002,49612.00000183675,0.8971428571436251,0.0,0.0,0.8499999999996504
synthetic_rank_1_to_20,F10,10.0,212386.000023,192532.1000206037,0.9065197329379232,-81.94324129330926,-0.0004254271386738461,0.8499999999996504
synthetic_rank_1_to_20,F11,11.0,213639.000002,191716.8000019489,0.8973867131008577,-288.3002530830563,-0.0015015239319170154,0.8499999999996504
synthetic_rank_1_to_20,F12,12.0,294169.000013,266498.7000122855,0.9059374033311067,-450.00000000104774,-0.0016857171433325433,0.8499999999996504
synthetic_rank_1_to_20,F13,13.0,152436.000001,137200.0500008145,0.900050184995109,0.0,0.0,0.8499999999996504
synthetic_rank_1_to_20,F14,14.0,347668.000011,313687.05001042073,0.9022603460787183,0.0,0.0,0.8499999999996504
synthetic_rank_1_to_20,F15,15.0,252386.000018,227673.87421220032,0.9020859881132978,1.4079269021749496e-06,6.1839633864683884e-12,0.8499999999996484
synthetic_rank_1_to_20,F16,16.0,371379.0,331743.69514331414,0.8932753202074273,2673.6951434127404,0.008125004234398582,0.8499999999996504
synthetic_rank_1_to_20,F17,17.0,343194.00001,309668.67500951944,0.9023137787971127,90.00000009784708,0.00029071769912804253,0.8499999999996504
synthetic_rank_1_to_20,F18,18.0,246373.000035,226835.20003270445,0.9206982908049178,0.0,0.0,0.8499999999996504
synthetic_rank_1_to_20,F19,19.0,664248.000067,606829.0250615661,0.9135579256548122,0.0,0.0,0.8499999999996504
synthetic_rank_1_to_20,F20,20.0,142618.000009,129974.15000842052,0.9113446409304464,0.0,0.0,0.8499999999996504
synthetic_two_classes,F1,1.0,533245.000012,480381.4000112767,0.9008643306556393,-283.50000209279824,-0.0005898079973905163,0.8499999999996504
synthetic_two_classes,F2,1.0,699970.000031,620473.6720724415,0.8864289498763693,-584.9709684012923,-0.0009418932897176069,0.8499999999996504
synthetic_two_classes,F3,1.0,228302.000014,206788.60001320072,0.9057677987951046,-92.10000070062233,-0.0004451841118791346,0.8499999999996504
synthetic_two_classes,F4,1.0,356226.000011,317108.08572531905,0.8901879304585487,-498.5225808011601,-0.0015696228219554765,0.8499999999996504
synthetic_two_classes,F5,1.0,465268.000014,422215.3000125496,0.9074668793036381,-813.6290332518984,-0.0019233413541885841,0.8499999999996504
synthetic_two_classes,F6,1.0,236855.000012,214343.2718061522,0.9049556555499894,0.0,0.0,0.8499999999996504
synthetic_two_classes,F7,1.0,171960.00001,154975.0000092604,0.9012270295431969,-573.3870970513381,-0.0036862297817299035,0.8499999999996504
synthetic_two_classes,F8,1.0,574179.000006,517420.8500056678,0.9011490319225552,-264.6000000158092,-0.0005111211837475907,0.8499999999996504
synthetic_two_classes,F9,1.0,55300.000002,49612.00000183675,0.8971428571436251,0.0,0.0,0.8499999999996504
synthetic_two_classes,F10,1.0,212386.000023,192532.1000206037,0.9065197329379232,-81.94324129330926,-0.0004254271386738461,0.8499999999996504
synthetic_two_classes,F11,3.0,213639.000002,192166.80000194994,0.8994930700862248,161.69974691799143,0.0008421638107696762,0.8499999999996504
synthetic_two_classes,F12,3.0,294169.000013,266948.70001228654,0.9074671362396768,0.0,0.0,0.8499999999996504
synthetic_two_classes,F13,3.0,152436.000001,137578.05000079033,0.9025299141927615,377.9999999758438,0.0027551010365783383,0.8499999999996504
synthetic_two_classes,F14,3.0,347668.000011,313687.05001042073,0.9022603460787183,0.0,0.0,0.8499999999996504
synthetic_two_classes,F15,3.0,252386.000018,227673.87421220032,0.9020859881132978,1.4079269021749496e-06,6.1839633864683884e-12,0.8499999999996484
synthetic_two_classes,F16,3.0,371379.0,330700.69788554247,0.8904668758479679,1630.6978856410715,0.004955474171579178,0.8499999999996504
synthetic_two_classes,F17,3.0,343194.00001,309578.6750094216,0.9020515364499411,0.0,0.0,0.8499999999996504
synthetic_two_classes,F18,3.0,246373.000035,226835.20003270445,0.9206982908049178,0.0,0.0,0.8499999999996504
synthetic_two_classes,F19,3.0,664248.000067,606829.0250615661,0.9135579256548122,0.0,0.0,0.8499999999996504
synthetic_two_classes,F20,3.0,142618.000009,129974.15000842052,0.9113446409304464,0.0,0.0,0.8499999999996504
demand_normalized,F1,1.8753105982756448e-06,533245.000012,480415.53845892404,0.900928350848321,-249.36155444546603,-0.0005187846136435803,0.8499999999996504
demand_normalized,F2,1.4286326556219728e-06,699970.000031,620473.6720724415,0.8864289498763693,-584.9709684012923,-0.0009418932897176069,0.8499999999996504
demand_normalized,F3,4.380163117005886e-06,228302.000014,206880.70001390134,0.9061712118212497,0.0,0.0,0.8499999999996504
demand_normalized,F4,2.8072066608532807e-06,356226.000011,317606.6083061202,0.8915873863679594,0.0,0.0,0.8499999999996504
demand_normalized,F5,2.1492988986345716e-06,465268.000014,422215.30001287645,0.9074668793043406,-813.6290329250623,-0.001923341353415975,0.8499999999996504
demand_normalized,F6,4.221992357979929e-06,236855.000012,214343.2718061522,0.9049556555499894,0.0,0.0,0.8499999999996504
demand_normalized,F7,5.815305884751378e-06,171960.00001,155548.38710631174,0.9045614509029201,0.0,0.0,0.8499999999996504
demand_normalized,F8,1.7416171611806601e-06,574179.000006,517420.8500056678,0.9011490319225552,-264.6000000158092,-0.0005111211837475907,0.8499999999996504
demand_normalized,F9,1.8083182639490662e-05,55300.000002,49612.000003125664,0.8971428571669327,1.2889140634797513e-06,2.597988517761898e-11,0.8499999999996466
demand_normalized,F10,4.708408274988496e-06,212386.000023,193094.841957555,0.9091693517305477,480.79869565798435,0.0024961767455566213,0.8499999999996504
demand_normalized,F11,4.680793300804808e-06,213639.000002,192166.80000194994,0.8994930700862248,161.69974691799143,0.0008421638107696762,0.8499999999996504
demand_normalized,F12,3.3994064634812226e-06,294169.000013,266948.70001228654,0.9074671362396768,0.0,0.0,0.8499999999996504
demand_normalized,F13,6.5601301529392e-06,152436.000001,137578.05000081536,0.9025299141929257,378.0000000008731,0.0027551010367607674,0.8499999999996504
demand_normalized,F14,2.87630728156851e-06,347668.000011,313417.0500104201,0.901483743112693,-270.0000000006403,-0.0008607304636632938,0.8499999999996504
demand_normalized,F15,3.962184906962671e-06,252386.000018,227673.8742107924,0.9020859881077193,0.0,0.0,0.8499999999996504
demand_normalized,F16,2.6926670597960573e-06,371379.0,329069.9999999014,0.8860759493668231,0.0,0.0,0.8499999999996504
demand_normalized,F17,2.9138038542948362e-06,343194.00001,309578.6750094216,0.9020515364499411,0.0,0.0,0.8499999999996504
demand_normalized,F18,4.058886322194149e-06,246373.000035,226999.28357874884,0.9213642872656544,164.08354604439228,0.0007233601575978296,0.8499999999996504
demand_normalized,F19,1.5054618153146627e-06,664248.000067,606829.0250615661,0.9135579256548122,0.0,0.0,0.8499999999996504
demand_normalized,F20,7.011737648381651e-06,142618.000009,130244.15000842116,0.913237810095514,270.0000000006403,0.0020773361470965424,0.8499999999996504
synthetic_single_block_priority,F1,1.0,533245.000012,480523.1500110313,0.9011301559324846,-141.75000233820174,-0.0002949040013827908,0.8499999999996504
synthetic_single_block_priority,F2,1.0,699970.000031,620615.5113845888,0.8866315861495538,-443.13165625405964,-0.0007135101672273448,0.8499999999996504
synthetic_single_block_priority,F3,1.0,228302.000014,206788.60001320072,0.9057677987951046,-92.10000070062233,-0.0004451841118791346,0.8499999999996504
synthetic_single_block_priority,F4,1.0,356226.000011,317108.08572531905,0.8901879304585487,-498.5225808011601,-0.0015696228219554765,0.8499999999996504
synthetic_single_block_priority,F5,1.0,465268.000014,422215.3000125496,0.9074668793036381,-813.6290332518984,-0.0019233413541885841,0.8499999999996504
synthetic_single_block_priority,F6,1.0,236855.000012,214343.2718061522,0.9049556555499894,0.0,0.0,0.8499999999996504
synthetic_single_block_priority,F7,1.0,171960.00001,154975.0000092604,0.9012270295431969,-573.3870970513381,-0.0036862297817299035,0.8499999999996504
synthetic_single_block_priority,F8,1.0,574179.000006,517420.8500056678,0.9011490319225552,-264.6000000158092,-0.0005111211837475907,0.8499999999996504
synthetic_single_block_priority,F9,1.0,55300.000002,49612.00000183675,0.8971428571436251,0.0,0.0,0.8499999999996504
synthetic_single_block_priority,F10,1.0,212386.000023,192532.1000206037,0.9065197329379232,-81.94324129330926,-0.0004254271386738461,0.8499999999996504
synthetic_single_block_priority,F11,1.0,213639.000002,191716.8000019489,0.8973867131008577,-288.3002530830563,-0.0015015239319170154,0.8499999999996504
synthetic_single_block_priority,F12,1.0,294169.000013,266498.7000122855,0.9059374033311067,-450.00000000104774,-0.0016857171433325433,0.8499999999996504
synthetic_single_block_priority,F13,1.0,152436.000001,137200.0500008145,0.900050184995109,0.0,0.0,0.8499999999996504
synthetic_single_block_priority,F14,1.0,347668.000011,313147.05001041945,0.9007071401466676,-540.0000000012806,-0.0017214609273265877,0.8499999999996504
synthetic_single_block_priority,F15,1.0,252386.000018,227232.10001609137,0.9003355970611894,-441.77419470102177,-0.001940381592891963,0.8499999999996504
synthetic_single_block_priority,F16,100.0,371379.0,332505.0413770828,0.895325372132196,3435.04137718142,0.010438634263781109,0.8499999999996554
synthetic_single_block_priority,F17,1.0,343194.00001,309578.6750094216,0.9020515364499411,0.0,0.0,0.8499999999996504
synthetic_single_block_priority,F18,1.0,246373.000035,226835.20003270445,0.9206982908049178,0.0,0.0,0.8499999999996504
synthetic_single_block_priority,F19,1.0,664248.000067,606829.0250615661,0.9135579256548122,0.0,0.0,0.8499999999996504
synthetic_single_block_priority,F20,1.0,142618.000009,129974.15000842052,0.9113446409304464,0.0,0.0,0.8499999999996504
