edge,F1,F2,F3,F4,F5,F6,F7,F8,F9,F10,F11,F12,F13,F14,F15,F16,F17,F18,F19,F20
K35,-0.0,-0.0,-0.0,9.496974437871948e-17,1.1078988879315367e-16,5.652930682410507e-17,-1.2406482507631988e-16,-8.424154789132832e-18,1.9856481698887764e-17,1.9856481698887764e-17,1.9856481698887764e-17,-0.0,-0.0,-0.0,1.5772288974869046e-16,-9.976147359183455e-17,-3.15036232395267e-16,-3.5453567792397327e-16,-1.2147146034134067e-16,1.1764705882352946
K30,0.0,0.0,0.0,0.0,0.0,0.0,0.0,0.0,0.0,0.0,0.0,0.0,0.0,0.0,0.0,0.0,0.0,0.0,0.0,0.0
K34,-0.0,-0.0,-0.0,-1.232595164407831e-32,-2.465190328815662e-32,-0.0,-2.465190328815662e-32,-0.0,-0.0,-0.0,-0.0,-0.0,-0.0,-0.0,-2.465190328815662e-32,-0.0,-0.0,-0.0,1.1764705882352942,-2.220446049250313e-16
K29,-0.0,-0.0,-0.0,1.0211800470830051e-16,1.191289126808104e-16,6.078420088613447e-17,-1.3340303771647298e-16,-9.058230956056809e-18,2.1351055590201896e-17,2.1351055590201896e-17,2.1351055590201896e-17,-0.0,-0.0,-0.0,1.6959450510611877e-16,-1.0727040171165005e-16,-3.3874863698415807e-16,-3.8122115905803574e-16,-1.3061447348531254e-16,1.2650221378874136
K33,-0.0,-0.0,-0.0,-0.0,-0.0,-1.232595164407831e-32,-0.0,-0.0,-0.0,-0.0,-0.0,-0.0,-0.0,-0.0,-0.0,-0.0,-0.0,1.2048192771084338,-0.0,-0.0
K28,-0.0,-0.0,-0.0,1.0749263653505317e-16,1.2539885545348461e-16,6.398336935382577e-17,-1.4042425022786631e-16,-9.53497995374401e-18,2.247479535810726e-17,2.247479535810726e-17,2.247479535810726e-17,-0.0,-0.0,-0.0,1.785205316906513e-16,-1.129162123280527e-16,-3.5657751261490323e-16,-4.0128543058740604e-16,1.2383900928792568,1.3316022504078036
K32,-0.0,-0.0,-0.0,-2.465190328815662e-32,-0.0,-1.232595164407831e-32,-0.0,-0.0,-3.0814879110195774e-33,-3.0814879110195774e-33,-3.0814879110195774e-33,-0.0,-0.0,-0.0,-2.465190328815662e-32,-0.0,1.1764705882352942,-0.0,-2.220446049250313e-16,-4.440892098500626e-16
K27,-0.0,-0.0,-0.0,1.1812377641214634e-16,1.378009400587743e-16,7.031139489431402e-17,-1.5431236288776518e-16,-1.047799994916924e-17,2.4697577316601384e-17,2.4697577316601384e-17,2.4697577316601384e-17,-0.0,-0.0,-0.0,1.9617640845126517e-16,-1.240837498110469e-16,-3.918434204559376e-16,1.323977227591685,1.3608682339332492,1.4632991762723115
K31,-0.0,-0.0,-0.0,-0.0,-0.0,-1.232595164407831e-32,-0.0,-0.0,-0.0,-0.0,-0.0,-0.0,-0.0,-0.0,-0.0,1.1764705882352944,2.220446049250313e-16,-0.0,-0.0,-0.0
K26,-0.0,-0.0,-0.0,1.243408172759435e-16,1.4505362111449926e-16,7.40119946255937e-17,-1.6243406619764756e-16,-1.1029473630704463e-17,2.5997449806948822e-17,2.5997449806948822e-17,2.5997449806948822e-17,-0.0,-0.0,-0.0,2.0650148258027913e-16,-1.3061447348531254e-16,1.2383900928792566,1.393660239570195,1.4324928778244728,1.5403149223919066
K24,-0.0,-0.0,-0.0,1.336998035225199e-16,1.5597163560698846e-16,7.958278991999322e-17,-1.7466028623402962e-16,-1.1859649065273617e-17,2.7954247104246045e-17,2.7954247104246045e-17,2.7954247104246045e-17,-0.0,-0.0,-0.0,2.220446049250313e-16,1.265022137887413,1.331602250407803,1.4985593973873064,1.5403149223919061,1.6562526047224801
K25,0.0,0.0,0.0,0.0,0.0,0.0,0.0,0.0,0.0,0.0,0.0,0.0,0.0,0.0,1.0526315789473684,0.0,0.0,0.0,0.0,0.0
K17,-0.0,-0.0,-0.0,1.4532587339404337e-16,1.6953438652933527e-16,8.650303252173176e-17,-1.8984813721090176e-16,-1.289092289703654e-17,3.038505120026744e-17,3.038505120026744e-17,3.038505120026744e-17,-0.0,-0.0,-0.0,1.1441647597254005,1.375024062921101,1.447393750443264,1.6288689102035938,1.674255350425985,1.8002745703505219
K23,0.0,0.0,0.0,0.0,0.0,0.0,0.0,0.0,0.0,0.0,0.0,0.0,0.0,1.1764705882352942,0.0,0.0,0.0,0.0,0.0,0.0
K22,0.0,0.0,0.0,0.0,0.0,0.0,0.0,0.0,0.0,0.0,0.0,0.0,1.25,0.0,0.0,0.0,0.0,0.0,0.0,0.0
K21,0.0,0.0,0.0,0.0,0.0,0.0,0.0,0.0,0.0,0.0,0.0,1.1764705882352942,0.0,0.0,0.0,0.0,0.0,0.0,0.0,0.0
K20,0.0,0.0,0.0,0.0,0.0,0.0,0.0,0.0,0.0,0.0,1.25,0.0,0.0,0.0,0.0,0.0,0.0,0.0,0.0,0.0
K19,0.0,0.0,0.0,0.0,0.0,0.0,0.0,0.0,0.0,1.25,0.0,0.0,0.0,0.0,0.0,0.0,0.0,0.0,0.0,0.0
K18,0.0,0.0,0.0,0.0,0.0,0.0,0.0,0.0,1.25,0.0,0.0,0.0,0.0,0.0,0.0,0.0,0.0,0.0,0.0,0.0
K15,-0.0,-0.0,-0.0,1.5297460357267724e-16,1.7845724897824766e-16,9.105582370708606e-17,-1.9984014443252818e-16,-1.3569392523196359e-17,1.3157894736842106,1.3157894736842106,1.3157894736842106,1.238390092879257,1.3157894736842106,1.238390092879257,1.2043839576056847,1.4473937504432643,1.5235723688876464,1.7145988528458882,1.7623740530799843,1.895025863526865
K16,0.0,0.0,0.0,0.0,0.0,0.0,0.0,1.25,0.0,0.0,0.0,0.0,0.0,0.0,0.0,0.0,0.0,0.0,0.0,0.0
K13,-0.0,-0.0,-0.0,1.6997178174741916e-16,1.9828583219805294e-16,1.0117313745231785e-16,-2.220446049250313e-16,1.3888888888888888,1.4619883040935673,1.4619883040935673,1.4619883040935673,1.3759889920880635,1.4619883040935673,1.3759889920880635,1.3382043973396496,1.6082152782702936,1.6928581876529403,1.9051098364954313,1.9581933923110937,2.105584292807628
K14,0.0,0.0,0.0,0.0,0.0,0.0,1.1764705882352942,0.0,0.0,0.0,0.0,0.0,0.0,0.0,0.0,0.0,0.0,0.0,0.0,0.0
K10,-0.0,-0.0,-0.0,1.7891766499728334e-16,2.0872192862952942e-16,1.0649803942349248e-16,1.2383900928792568,1.4619883040935673,1.5389350569405973,1.5389350569405973,1.5389350569405973,1.4484094653558564,1.5389350569405973,1.4484094653558564,1.4086362077259469,1.6928581876529407,1.7819559870030952,2.005378775258349,2.0612562024327303,2.2164045187448713
K12,0.0,0.0,0.0,0.0,0.0,1.1764705882352942,0.0,0.0,0.0,0.0,0.0,0.0,0.0,0.0,0.0,0.0,0.0,0.0,0.0,0.0
K9,-0.0,-0.0,-0.0,1.9033794148647166e-16,2.220446049250313e-16,1.251564455569462,1.3174362690204862,1.5553067064825186,1.637164954192125,1.637164954192125,1.637164954192125,1.5408611333572941,1.637164954192125,1.5408611333572941,1.4985491571552627,1.800912965588235,1.8956978585139312,2.1333816758067545,2.1928257472688624,2.3578771476009273
K11,0.0,0.0,0.0,0.0,1.1764705882352942,0.0,0.0,0.0,0.0,0.0,0.0,0.0,0.0,0.0,0.0,0.0,0.0,0.0,0.0,0.0
K7,-0.0,-0.0,-0.0,2.003557278804965e-16,1.2383900928792573,1.3174362690204864,1.3867750200215645,1.637164954192125,1.7233315307285526,1.7233315307285526,1.7233315307285526,1.6219590877445202,1.7233315307285526,1.6219590877445202,1.5774201654265925,1.8956978585139317,1.9954714300146645,2.245664921901847,2.308237628704066,2.4819759448430814
K8,0.0,0.0,0.0,1.1764705882352942,0.0,0.0,0.0,0.0,0.0,0.0,0.0,0.0,0.0,0.0,0.0,0.0,0.0,0.0,0.0,0.0
K4,-0.0,-0.0,-0.0,1.2383900928792573,1.3035685188202708,1.3867750200215647,1.459763178970068,1.7233315307285526,1.8140331902405817,1.8140331902405817,1.8140331902405817,1.7073253555205476,1.8140331902405817,1.7073253555205476,1.6604422793964133,1.995471430014665,2.1004962421206996,2.36385781252826,2.4297238196884905,2.6126062577295595
K6,0.0,0.0,1.1764705882352942,0.0,0.0,0.0,0.0,0.0,0.0,0.0,0.0,0.0,0.0,0.0,0.0,0.0,0.0,0.0,0.0,0.0
K5,0.0,1.1764705882352942,0.0,0.0,0.0,0.0,0.0,0.0,0.0,0.0,0.0,0.0,0.0,0.0,0.0,0.0,0.0,0.0,0.0,0.0
K2,-0.0,1.238390092879257,1.238390092879257,1.3035685188202708,1.372177388231864,1.4597631789700682,1.5365928199684926,1.8140331902405817,1.9095086213058756,1.9095086213058756,1.9095086213058756,1.7971845847584713,1.9095086213058756,1.7971845847584713,1.747833978312014,2.1004962421207,2.211048675916526,2.488271381608695,2.557604020724727,2.7501118502416415
K3,1.1764705882352942,0.0,0.0,0.0,0.0,0.0,0.0,0.0,0.0,0.0,0.0,0.0,0.0,0.0,0.0,0.0,0.0,0.0,0.0,0.0
K1,1.238390092879257,1.3035685188202706,1.3035685188202706,1.372177388231864,1.4443972507703833,1.536592819968493,1.617466126282624,1.9095086213058756,2.0100090750588167,2.0100090750588167,2.0100090750588167,1.8917732471141804,2.0100090750588167,1.8917732471141804,1.8398252403284359,2.2110486759165267,2.3274196588595015,2.6192330332723106,2.6922147586576073,2.894854579201728
